,Body wall muscle anterior,Body wall muscle posterior,Coelomocytes,Distal tip,Glia_3,Hypodermis tail,Intestinal-rectal valve,Intestine anterior,Intestine posterior,Seam cells (grd+),Spermatheca bag distal,Spermatheca bag proximal,Spermatheca neck proximal,Spermatheca-Uterine junction,Syncitial pachytene spermatocytes,Unassigned sex-specific muscle,Unassigned uterine cells,Uterine muscle,Uterine toroid,Uterine-vulval cells,Vulval cells,pm1_pm2 (pharyngeal muscle),pm3_pm4_pm5 (pharyngeal muscle),pm6_pm7 (pharyngeal muscle),sh3_sh4 (gonadal sheath proximal),vm1 (vulval muscle),vm2 (vulval muscle)
LFQ intensity D1_1,0.04921360591433884,0.043344982686418114,0.0,0.04892996361365717,0.0,0.0,0.09212423344578895,0.017402840525003852,0.14038112333277394,0.048644058306819254,0.040855833947181945,0.055327392116220536,0.0,0.017978849974298088,0.06305188935105713,0.0,0.02621941422725264,0.055454132445654856,0.0,0.059723168054454656,0.0,0.0,0.15502493209717896,0.01050704278264082,0.0,0.06671529270247861,0.009101244476781612
LFQ intensity D1_10,0.040515661121603715,0.05873322390707604,0.02163400283756763,0.016954257713282187,0.0,0.0,0.0775227900436278,0.0,0.13540540785001212,0.08840301082575026,0.048931329423938574,0.052964515821625875,0.007685551157047497,0.0,0.06199431651151315,0.0,0.035329366405186136,0.03732725869659565,0.007085854182784877,0.012948161784350772,0.0,0.0,0.12104447023254303,0.026302343008523084,0.0,0.09242155773572117,0.056796920741250444
LFQ intensity D1_11,0.0035755079195720716,0.03071418667557058,0.014283630450484532,0.0,0.0,0.0,0.12671315372126588,0.0,0.19761206155480865,0.07167882493066123,0.018273922252529277,0.05425825517804819,0.0,0.04524334037202635,0.054194231084618835,0.0,0.03435458410146124,0.06378013508538152,0.007161322577382304,0.01726950596059253,0.0,0.0,0.10308637551380344,0.01764222741731827,0.0,0.10711058183467748,0.03304815336979761
LFQ intensity D1_2,0.05100326428562607,0.019604914771384124,0.0017994885187475548,0.046366343266396604,0.0,0.0,0.0742853224514041,0.0,0.18753158559513253,0.04962982522572512,0.0005921893036650079,0.05877505924432367,0.00032416801107509375,0.052816768712915865,0.07337386562801518,0.0,0.040549844320173375,0.07222355758679758,0.0,0.02303720581537532,0.00018835087113677074,0.0,0.1292619520791906,0.00044058979265877864,0.022210808513443307,0.07270537517019666,0.023279520836616517
LFQ intensity D1_3,0.05519522518587141,0.0159886196470412,0.0,0.03896674037170886,0.0,0.0,0.06298343953116885,0.002141541437143411,0.16730736088981094,0.07457186373623363,0.004815754691556657,0.06545928467961817,0.0,0.05332910019517199,0.07185865056238121,0.0,0.03571715214865383,0.06134830615951657,0.002070212493236937,0.03405124140939233,0.0,0.0,0.1359761595956735,0.003615367875131635,0.0,0.1001547608960641,0.014449218494624789
LFQ intensity D1_4,0.0,0.0700520220155623,0.0030780911277481855,0.006676412091963866,0.0,0.0,0.07462357063715097,0.0,0.1624285705850819,0.09156985129575355,0.0,0.04535019940935829,0.005578646916980107,0.05758437239380937,0.06730810645459806,0.0,0.026798153244576347,0.09460019214073012,0.009030830290072154,0.020242595906390874,0.0,0.0,0.13865231695020971,0.022145696009195706,0.0,0.06968753411532509,0.03459283841549354
LFQ intensity D1_5,0.03821636183880886,0.06007952296120667,0.004563527082045235,0.03457971413914509,0.0,0.0,0.13585797439860584,0.0,0.15938374104461583,0.07953234819735888,0.0024436611720199722,0.044440239990512484,0.0,0.05040007150044576,0.060634328788207605,0.0,0.03485406568938058,0.033469265312976906,0.0001689041635385395,0.01681758912859276,0.0,0.0,0.08947912789806017,0.03201968361034696,0.0,0.08768553483196645,0.0353743382521655
LFQ intensity D1_6,0.0,0.0,0.0,0.03433550093054193,0.0,0.0,0.08599615760146394,0.0,0.12973563962261464,0.07976688900548516,0.0,0.06737730881213387,0.0061298579401277645,0.07753682183891597,0.0839857572565365,0.0,0.0935127354022867,0.032485509928886304,0.0,0.0,0.0,0.0,0.07559550007291808,0.07411091669526719,0.0009636861540926312,0.1167278950359644,0.04173982370276498
LFQ intensity D1_7,0.04431583512311883,0.010898130488060659,0.006458688227094933,0.0283120077387099,0.0,0.0,0.07705231009944355,0.0,0.18694405597736852,0.08807387549039908,0.0,0.068344776759415,0.0,0.058180275679983746,0.05253111239464811,0.0,0.0376870579206923,0.06810320481958453,0.019124596822222704,0.0,0.0,0.0,0.13148277530302502,0.012250850677388698,0.0,0.09657503534615725,0.013665411132687091
LFQ intensity D1_8,0.07689577019593061,0.0,0.02284224203065702,0.008137710692598355,0.0,0.0,0.1590925547060598,0.0,0.17595320798196776,0.06259506352970257,0.0,0.03216536955025717,0.01707791969716064,0.046773645651852595,0.05787124250481921,0.0,0.019576629174344707,0.04332022544583949,0.014413498376971468,0.017177551900505433,0.0,0.0,0.12030997094540263,0.017846346174767738,0.0,0.0935880094872856,0.01436304195387729
LFQ intensity D1_9,0.09585518537720107,0.008979821651992487,0.0,0.024333935531233225,0.0,0.0,0.08187804050086483,0.0,0.16985788497861187,0.0728403634966049,0.0,0.04244292798124228,0.014808037243002182,0.056869125673465776,0.06303646351247545,0.0,0.018882443857482386,0.06850755764092228,0.031121259533381282,0.0,0.0,0.0,0.12524189080417272,0.03062731248609793,0.0,0.09471774973124926,0.0
LFQ intensity D10_1,0.019782145517836098,0.0,0.018919418944713825,0.0,0.0,0.0,0.0,0.0,0.22418349527852194,0.0,0.002804680383872351,0.11581241426904212,0.0,0.02769657726517722,0.047943812097880005,0.0,0.04666888252811377,0.005925045191630775,0.0852649091215912,0.0,0.07444306061518213,0.0,0.06247854883971802,0.021145182076321663,0.06106772109907821,0.14533674349710077,0.040527363274219824
LFQ intensity D10_10,0.046564904172364474,0.0,0.023240493535679637,0.02470677252614657,0.0,0.0,0.0019605989219590465,0.014971881430301832,0.1844561400086658,0.0,0.0,0.10119284522300252,0.0,0.041750996370122404,0.0774902325425193,0.0,0.03871619712865993,0.0,0.09232338338312837,0.0,0.0,0.0,0.0671764282161933,0.038759735940328194,0.06529146398797189,0.1353668469340498,0.04603107967890692
LFQ intensity D10_2,0.028168255690853003,0.0,0.0038389131293185366,0.0,0.0,0.0,0.0,0.0,0.2066361088408081,0.0,0.0,0.1091779394831591,0.0,0.04728427390048672,0.09032663349562871,0.0,0.02419648659036163,0.0,0.09917607425900009,0.0,0.06262934439748266,0.0,0.06728402351192664,0.0005847760943480393,0.07873555472202685,0.1355283834153525,0.04643323246924754
LFQ intensity D10_3,0.0218279579635143,0.0,0.038961744628661955,0.0,0.0,0.0,0.0,0.0,0.19526935877146157,0.0,0.001622554082356988,0.09674645266888704,0.0,0.03660084347473507,0.08172387485174105,0.0,0.06259254564745935,0.0,0.07584444927654665,0.0,0.05804581005575039,0.0,0.058753967917933324,0.0,0.0692479339921276,0.1410483603519086,0.06171414631691625
LFQ intensity D10_4,0.042021425295323336,0.0,0.0034997299654906523,0.0,0.0,0.0,0.016030339397992185,0.0,0.1119970444393687,0.0,0.0,0.11919804680599091,0.0,0.05562185899675425,0.1079294200536621,0.0,0.05259325284861721,0.0,0.08810224803373025,0.0,0.05384503941751376,0.0,0.07896966465748363,0.029813038393516254,0.060832381359398995,0.13770520749412934,0.041841302841028404
LFQ intensity D10_5,0.036611329037376246,0.0,0.039769651728864056,0.0037267904879879164,0.0,0.0,0.016855231679759587,0.0,0.21032053046475524,0.0,0.0,0.08403501890558072,0.0,0.03826902505909828,0.08110431164270078,0.0,0.05200018593450452,0.0,0.059515776217297645,0.0,0.055989744005346766,0.0,0.06015408073712596,0.024003490828307963,0.05671211272720276,0.13265406907744592,0.048278651466645534
LFQ intensity D10_6,0.06592707341721782,0.0,0.0,0.004017976062113388,0.0,0.0,0.05006203865610364,0.0,0.12630036899964686,0.0,0.0,0.1065794321737043,0.0,0.06944278589675991,0.08214502006804683,0.0,0.03595576833314932,0.0,0.07863237017365751,0.0,0.04564260194114323,0.0,0.086353077017935,0.0486622035749762,0.04958880797825589,0.1023957098292223,0.048294765878067934
LFQ intensity D10_7,0.03689597732184174,0.0,0.025565021089223858,0.0,0.0,0.0,0.050871644167701215,0.0,0.1988317171212062,0.0,0.0,0.11220679187595009,0.0,0.04014426794082804,0.047258250114367975,0.0,0.06951867305414938,0.0,0.07100428388280207,0.0,0.029097674057652623,0.0,0.06764829988160484,0.017323888962712048,0.05469432359766183,0.14312763409226265,0.03581155284003539
LFQ intensity D10_8,0.03806519871363105,0.0,0.032800919929613044,0.01952680352478743,0.0,0.0,0.02363565135118622,0.0,0.1939664320863672,0.0,0.005283378764550445,0.09355015196544747,0.0,0.027890968388837447,0.0689175151088567,0.0,0.03934080184943714,0.0,0.079170777578657,0.0,0.05893310002918856,0.0,0.06595607221240163,0.018110673733554915,0.06500289730437463,0.1422353730061161,0.027613284452993037
LFQ intensity D10_9,0.021480479600220707,0.0,0.0364956974526469,0.0,0.0,0.0,0.0,0.0,0.22677580330957045,0.0,0.0,0.10198513354189348,0.0,0.04178558760624744,0.07636590436623125,0.0,0.03744656582692143,0.0,0.076603720410353,0.0,0.060526683152666294,0.0,0.05708701714535945,0.009662990484455866,0.0645871762097747,0.13913167832599027,0.05006556256766886
LFQ intensity D2_1,0.040403527063660225,0.015518008663696263,0.0,0.03490877523264428,0.0,0.0,0.09894830273854224,0.0,0.20136035458780013,0.04640971280831508,0.017563870993598574,0.06923082277000268,0.0,0.013965323111281467,0.041054998496624306,0.0,0.023391423675617452,0.038588187846818695,0.078159330799309,0.0,0.0,0.0,0.12022200349453581,0.0,0.0631632979555124,0.07793553973898702,0.019176520023054273
LFQ intensity D2_2,0.02285378484042164,0.028998062320021657,0.0,0.02886144648382392,0.0,0.0,0.04977302516997725,0.005651635669973959,0.17232549903962754,0.047842855123445126,0.015195817999284569,0.07688725457852721,0.0,0.01803383437762513,0.05177806710381112,0.0,0.04500216762437362,0.03734408888080134,0.04710259120261698,0.0,0.020327954643014103,0.0,0.08908991121913296,0.019364238686685433,0.07530528586171546,0.09546422727971296,0.05279825189540815
LFQ intensity D2_3,0.004971170486183189,0.0,0.013088997957089989,0.01667487160694939,0.0,0.00509142966084935,0.04619009783540398,0.01653387667121997,0.1556154862170352,0.07378596118411225,0.018246884728151704,0.06967481438708559,0.0,0.016899522620976853,0.06217259648657439,0.0,0.03483435900509126,0.059188221896261176,0.05685301372176129,0.0,0.0,0.0,0.12911316378816576,0.0,0.06317744831856209,0.09979042695236005,0.05809765647616653
LFQ intensity D2_4,0.04463882466314754,0.0,0.0,0.038593310211838136,0.0,0.05106396511534311,0.02926900631830464,0.029105272249616565,0.13352009404048473,0.06709240418258428,0.0,0.14108081065803013,0.0,0.05220019531524184,0.039781077216863046,0.0,0.043151616069216164,0.024534952554859525,0.03008907290703713,0.0,0.0024954864385396645,0.0,0.08557104380170252,0.00581469243622343,0.06316081561281169,0.08662764827442168,0.03220971193373422
LFQ intensity D2_5,0.03978455418471484,0.04564011581976361,0.0,0.024718609615059204,0.0,0.03823273889802021,0.05822499228811023,0.0,0.17532225746882268,0.031231227735649274,0.0,0.06555364582779803,0.0,0.043671538376355686,0.04217643477476769,0.0,0.03319172521311332,0.03109391858807301,0.043719196251342296,0.0,0.02725170153007607,0.0,0.130972633685022,0.0,0.06561827497138094,0.08038986529116292,0.02320656948076819
LFQ intensity D2_6,0.02434589310530003,0.03558130815384158,0.0,0.01903641073823152,0.0,0.0,0.06305917344860426,0.0,0.17125154803943718,0.07595915216666789,0.0030313492326702186,0.060633100614488546,0.0,0.03827148087102682,0.051098296393300525,0.0,0.021386308267795043,0.03144185339241567,0.08039536658807209,0.0,0.0,0.0,0.10396739137594142,0.0,0.07436109087437164,0.10039281726387658,0.045787459473959
LFQ intensity D2_7,0.05516095699351802,0.03120998465451202,0.0,0.02437752079816994,0.0,0.0,0.04543387812427139,0.010074797407929496,0.17143619435135043,0.05310078846032777,0.008857131197326043,0.06456559672825266,0.0,0.021792203955063344,0.04387998732757767,0.0,0.01992071967146491,0.04192688837319988,0.09068843610709079,0.0,0.002082479096402028,0.0,0.1348856156690688,0.0004898442256319434,0.05843296881961749,0.1001476276712786,0.021536380367946795
LFQ intensity D2_8,0.0678414532591508,0.02103251025309476,0.0,0.05663894627258191,0.0,0.03619311564624114,0.0522091620794927,0.0,0.1623827118097837,0.056762823587165376,0.00741526871524365,0.06596326038153207,0.0,0.02294526769029204,0.03293523801129213,0.0,0.015379449702661465,0.03315899420831001,0.08462973353535186,0.0,0.0,0.0,0.12763776357655912,0.0,0.06950137804512783,0.07740895449268179,0.009963968733437589
LFQ intensity D2_9,0.04537308435730571,0.0,0.0,0.04254620973170736,0.0,0.039906050100502875,0.06164214300747027,0.0,0.17133613667550068,0.0810178715787163,0.01853184914059283,0.0710680174834809,0.0,0.019205408799553916,0.04117221459474265,0.0,0.025366820676199525,0.022553599553697564,0.0853779384276029,0.0,0.0,0.0,0.08891025251584976,0.0,0.07644679484794785,0.08185491074029642,0.027690697768832456
LFQ intensity D3_1,0.03616099490252712,0.0,0.005487551221174675,0.041225748174182245,0.0,0.0,0.0922512807938478,0.0,0.21240212319441962,0.05007885401991732,0.018223151167460462,0.06422042374873255,0.0,0.016747334539076338,0.03572295074067101,0.0,0.019421951597666336,0.031673173981730036,0.05875008079704629,0.0,0.006360461003230556,0.0,0.07880382248512663,0.016948903059197933,0.07189210025838946,0.0893735141529842,0.054255580162619346
LFQ intensity D3_10,0.07259734430471916,0.029492289084014373,0.0,0.044356313807458116,0.0,0.0,0.06026763031837345,0.0,0.18003722658880167,0.0,0.005178889972517311,0.057642081815431574,0.0,0.03465055477235164,0.03467712628793332,0.0,0.03128808180191639,0.04401642391105297,0.05086333272460994,0.0,0.04760451334473137,0.0,0.1264948627792229,0.00411525515905731,0.07079274954743041,0.0806775320985852,0.025247791681793006
LFQ intensity D3_11,0.048958123306501615,0.036217529528877725,0.005172838240770685,0.039882741377726655,0.0,0.0,0.05010874591448812,0.0,0.18390977034702766,0.0,0.0,0.06350597620271561,0.0,0.016623026327465786,0.03229916586875311,0.0,0.01806120258959193,0.04243392591885292,0.07626406485956204,0.0,0.044736600449025415,0.0,0.12015555705761134,0.010794077031820204,0.06302445435063596,0.09489004814057578,0.05296215248799744
LFQ intensity D3_2,0.0,0.0,0.0,0.04934636149824486,0.0,0.0,0.03519751824743649,0.035703731889787454,0.20337208659705802,0.00039888277904914245,0.01484394090478577,0.09644894273814446,0.0,0.0449825271004627,0.029717176532249766,0.0,0.013852484144494052,0.011423116452092862,0.08365585629958139,0.0,0.0,0.0,0.11080316960908707,0.027354589760203985,0.09668186669845119,0.13298359119074452,0.013234157558126115
LFQ intensity D3_3,0.04465912798993987,0.0,0.00813449947292513,0.04293302323003414,0.0,0.0,0.03788456841486113,0.01628379871091784,0.18530275925634007,0.025096335293964815,0.01889200054519257,0.060948618055036395,0.0,0.02153260852077641,0.031044466647041826,0.0,0.017923709609805813,0.04345660272872275,0.08221044040777477,0.0,0.024958113344646024,0.0,0.10960892274575584,0.017192996402444375,0.07199920881095137,0.09195872387345379,0.04797947593941511
LFQ intensity D3_4,0.03967728252554513,0.024015584518430482,0.010302933171578568,0.02987130437809894,0.0,0.0,0.044790304399357245,0.0,0.19017588537642266,0.0,0.012917689568297632,0.0722392651522221,0.0,0.02194880619692592,0.03862001675207557,0.0,0.031006098314834946,0.06627275541022393,0.07937721091687236,0.0,0.004052751926772333,0.0,0.1241555341674354,0.0,0.06561150245184674,0.0811522037894847,0.06381287098357556
LFQ intensity D3_5,0.024694575771737816,0.026662972327806702,0.014255316133059824,0.01087114983929374,0.0,0.0005011634895150484,0.040408149821489166,0.0012852426113419046,0.17246398144444858,0.011689099838715836,0.0,0.1372153356031036,0.0,0.01700682099707474,0.033535775480964244,0.0,0.038155097348470175,0.06595062739884681,0.06096735107216208,0.0,0.01989930514980005,0.0,0.11045501838901664,0.011101518318818395,0.07461259689330345,0.07294078474901988,0.05532811732201145
LFQ intensity D3_6,0.006204116210299525,0.019243064450829687,0.00893309075630517,0.021557148066899835,0.0,0.0,0.09889586331840917,0.0,0.20863255088122448,0.03137196889161792,0.01786983018160014,0.06977094643405146,0.0,0.032162891502018245,0.03705858721177699,0.0,0.010190071272827417,0.028255603931542934,0.062211446566915865,0.0,0.0,0.0,0.10191086468584204,0.02547309548288113,0.07801276871567463,0.09447999667460494,0.0477660947646785
LFQ intensity D3_7,0.011358394213098557,0.03905677052825839,0.005740895650891702,0.034116570846819204,0.0,0.027165159785125022,0.039017823600319156,0.010833324189810523,0.17492009742912695,0.0,0.027959671656417384,0.06757563441574166,0.0,0.009066320072606989,0.02951936940848592,0.0,0.020645040319258335,0.08406109400413576,0.08301169656717787,0.0,0.022339183212815018,0.0,0.11075648531172641,0.013700888367882262,0.05881397718832583,0.07490874378742793,0.05543285944454921
LFQ intensity D3_8,0.06374386645866137,0.03363351180102705,0.009804343029334785,0.04487310936790865,0.0,0.002639189798046097,0.048850579436483375,0.005179843514739358,0.1952201756753901,0.0269773198991879,0.002517107967694725,0.06851933705517996,0.0,0.010260628926784417,0.0038883565786405156,0.0,0.016723354231353394,0.04022567610275583,0.060312033222383696,0.0,0.02130862291193962,0.0,0.11067355630285942,0.011322293966234168,0.08057974726801112,0.09832331922490911,0.04442402726047529
LFQ intensity D3_9,0.03750258789189514,0.037670170611776445,0.0007619375421219725,0.03644814115818452,0.0,0.0,0.05026066557641546,0.0,0.18386640542016305,0.030015683767300006,0.01934680339078147,0.046625756692622616,0.0,0.027079622788816305,0.03275642579677669,0.0,0.000545265159367125,0.058591080562427685,0.06937576718320797,0.0,0.011954900294512202,0.0,0.12394846966372047,0.018638755272352384,0.0756196966425279,0.07754854623362892,0.061443318351401696
LFQ intensity D4_1,0.0445653255540148,0.022403270561808748,0.0,0.02115709090001263,0.0,0.0,0.0860161383828949,0.0,0.20412396754663728,0.012767481883033447,0.006635320532781599,0.06154253805074436,0.0,0.041874548048602314,0.028961712527130156,0.0,0.010247171796922869,0.03123607186344409,0.07395127489526099,0.0,0.03638414978512627,0.0,0.07726722133498189,0.03781037311132317,0.06593872407819533,0.0971156444649148,0.04000197468217053
LFQ intensity D4_10,0.010015120350298322,0.030269674137100164,0.031219386996872576,0.0,0.0,0.0,0.04063728483012064,0.026138329472200354,0.19730033146785533,0.0,0.01186890146307977,0.05161021368261147,0.0013319436651738927,0.00809065308248308,0.031448177622053056,0.0,0.013740658151115208,0.05096460710425586,0.07072450617774216,0.0,0.03979018607140779,0.0,0.07836452565640624,0.030551722913321807,0.0767304701455456,0.10706390563362989,0.09213940137672674
LFQ intensity D4_11,0.02092676748372072,0.016441015807059332,0.02445116592325413,0.0,0.0,0.0,0.04345692230105439,0.02090313400771939,0.20699800723310552,0.001944529584526128,0.02517933286527472,0.07129364941018358,0.0,0.0362858014503945,0.033407553105816785,0.0,0.01467391999241258,0.030294322974537047,0.0722304025423196,0.0,0.0,0.0,0.08050364160865899,0.038238702488126115,0.08181928085235228,0.11617078151080233,0.06478106885868183
LFQ intensity D4_12,0.0,0.06297908097259174,0.016215365727399587,0.024232000410959482,0.0,0.024242013922797588,0.04044447625414668,0.016786295642270185,0.19076914944424245,0.020075337312464418,0.013061262430512166,0.05981595852054387,0.0,0.02045474647347195,0.04663903810934923,0.0,0.020564920240707496,0.03096513646191394,0.07799735168970474,0.0,0.0,0.0,0.06469191690551207,0.0190513402481374,0.07113155355295087,0.10305247929631955,0.07683057638400465
LFQ intensity D4_2,0.04376622883057733,0.0346598519121094,0.009521738655858179,0.04376885209286353,0.0,0.0,0.057045919863080795,0.0,0.20067002866614825,0.025681966586421596,0.010669881655540997,0.05091991276643668,0.0,0.019100541270806,0.02220759649127491,0.0,0.009602107193585334,0.05079552247307106,0.06908936201871943,0.0,0.0,0.0,0.10719896268769209,0.01792544549853561,0.060672553633939384,0.10168297028412786,0.06502055741921167
LFQ intensity D4_3,0.03262867038833506,0.023424645187899374,0.0,0.030593677418239994,0.0,0.0,0.036191131052747474,0.02280437062411349,0.18218994827405724,0.0,0.009863502280927935,0.05732582419855807,0.0,0.027431591580330445,0.024941510624509625,0.0,0.01768176623863784,0.04962119736473971,0.08200843450488661,0.0,0.06297639526485486,0.0,0.1019863391782176,0.030404742808468152,0.06698977745571853,0.09673698512073359,0.04419949043402431
LFQ intensity D4_4,0.052838895161851716,0.03135750194211738,0.008959765395044653,0.04531426507322338,0.0,0.0,0.051955473233472625,0.002187532172061225,0.18950670283729545,0.0038445401747778662,0.0027838199855434852,0.061850357142148,0.0,0.017662223717511423,0.030457662452769575,0.0,0.01587940673607245,0.05265470317853644,0.0845340182776378,0.0,0.0,0.0,0.11545866699482316,0.01678858309547533,0.07713844488217751,0.09205337085412574,0.04677406669333504
LFQ intensity D4_5,0.01129715584553182,0.02759382171458301,0.026010982094448264,0.024593001182856233,0.0,0.013248240430384533,0.03791245186263804,0.016818147850024667,0.17754550795582605,0.004080185739054571,0.018848306794107712,0.06606522731944908,0.0,0.029461167828062684,0.027831215185593967,0.0,0.02146065211380075,0.06354732832701168,0.07163627588936737,0.0,0.022162634718943877,0.0,0.10389519427688405,0.02205391380018461,0.06406615729746507,0.08675511656740444,0.06311731520637752
LFQ intensity D4_6,0.02243409142630882,0.021406758764152954,0.002422172751400377,0.011708846536482222,0.0,0.0,0.06378632694622056,0.0,0.20314752044561782,0.0,0.026910463339572515,0.06578021645222513,0.0,0.01220579338800056,0.02959500512915043,0.0,0.025091131730285817,0.04909310690843014,0.0672297189760329,0.0,0.058877266622981,0.0,0.09979120064608667,0.029006595753100082,0.0631798831913111,0.10360281874118053,0.0447310822514604
LFQ intensity D4_7,0.06850985948215839,0.029680046768445056,0.0,0.04296428798500416,0.0,0.0,0.039154455078329764,0.02406343232718847,0.1823767233002035,0.0012129682905719409,0.025562919508964485,0.07082170512701863,0.0,0.019508920839201187,0.038998657591972526,0.0,0.02655313166211487,0.025264712762891123,0.0651235473593257,0.0,0.012027603284977973,0.0,0.0866408358859434,0.03860880030087144,0.07208642003310231,0.11048439093856739,0.020356581473147856
LFQ intensity D4_8,0.022077941301125864,0.0,0.027060987375405757,0.006090190037614105,0.0,0.0,0.09958869459830363,0.0,0.22719676929253615,0.0,0.0,0.07435292920759567,0.0,0.001374164365873843,0.008550330733932169,0.0,0.02647135973117893,0.06738239730966825,0.08250296280690894,0.0,0.0,0.0,0.1193050056633505,0.009630622124831189,0.0679107496288698,0.08670651425087357,0.07379838157193169
LFQ intensity D4_9,0.02416061861550954,0.024799001232631294,0.01118904747922944,0.025523849296655576,0.0,0.0,0.0899118480106312,0.0,0.22051225518905024,0.0,0.015074680216525452,0.06107357504332247,0.0,0.024915394427134176,0.017413727490480434,0.0,0.028200104134301976,0.04137299970928782,0.045978353612616006,0.0,0.04984937619584053,0.0,0.0733345383120514,0.036913419430870086,0.07040078116283659,0.09249732309134218,0.04687910734968375
LFQ intensity D5_1,0.017389475966937015,0.03773888249856563,0.019701448953822715,0.009663842635099923,0.0,0.022476097722392244,0.029453685073381076,0.024853880400712305,0.17591595906887533,0.0,0.0,0.08011436231027443,0.0,0.028744987147024947,0.019510540983365198,0.0,0.030096896995628317,0.047972001830253755,0.08184054585412062,0.0,0.06548845490671763,0.0,0.055275999333617216,0.024392797403580125,0.05855728755971252,0.09844650941252706,0.07236634394339202
LFQ intensity D5_10,0.039482573105173155,0.03563023522689973,0.017626920851823203,0.023443929114715604,0.0,0.02168287126995676,0.07157181049897662,0.0,0.21634031098128673,0.0,0.0,0.07803450923048896,0.0,0.02526394299516596,0.025791769581579315,0.0,0.02992624495826435,0.01101527497262009,0.08008634070242883,0.0,0.03727376747445671,0.0,0.06771899835573304,0.0258416725513783,0.08253781639691198,0.0961268598087009,0.014604151923439874
LFQ intensity D5_11,0.03818779452679934,0.0016296597930317467,0.006815580686171134,0.027409961424395633,0.0,0.0,0.07996313699277252,0.0,0.21530983248623603,0.0,0.0,0.07511676776517041,0.0,0.027856794640749007,0.018021178158552836,0.0,0.006873502783691902,0.032705659438018314,0.07767561806479187,0.0,0.07725587694019627,0.0,0.07644850617627862,0.019209143264487392,0.06878224056410023,0.09769319256303041,0.053045553731526224
LFQ intensity D5_12,0.02904197713114331,0.04917846433832725,0.014526405915318646,0.01679909503274992,0.0,0.0,0.05009137023291019,0.007793423014377066,0.21727166297934558,0.012132173041160384,0.0,0.09345429000970147,0.0,0.02994321351795625,0.006508475416595761,0.0,0.022181279743208663,0.010021423974151211,0.09461953447669828,0.0,0.0,0.0,0.06969013643422026,0.02624034389210406,0.09287419001627624,0.11795440184593695,0.03967813898781849
LFQ intensity D5_2,0.026188128146450676,0.018597722854652634,0.018584300885862604,0.03211430450102292,0.0,0.021617220759067562,0.036176023343221966,0.020964112058266218,0.1868148120651727,0.0,0.0,0.08061987816524686,0.0,0.033890471949317186,0.021109325111154258,0.0,0.025287127987713754,0.026114020728209918,0.07232120002091244,0.0,0.06746164619303799,0.0,0.0761974100373408,0.0,0.08153900423212622,0.09434600149244683,0.06005728946877638
LFQ intensity D5_3,0.020992628733984726,0.03726303917733292,0.01360722590323191,0.0,0.0,0.03161261897915242,0.03850324276030445,0.01641572921052762,0.18792923687837484,0.0,0.0,0.07087705339640077,0.0,0.03427654275510358,0.01035352259710893,0.0,0.021107709205402773,0.042179141285157595,0.0733622039628808,0.0,0.07424013308543306,0.0,0.0626353988512555,0.02571179459651155,0.06436803804098752,0.09842472441072016,0.0761400161701288
LFQ intensity D5_4,0.04034500590755388,0.032922039469125565,0.012087525758248707,0.023347085905570227,0.0,0.031813451568654144,0.03185298027023837,0.02354741470827088,0.17018781349595064,0.0,0.0,0.0726333056286046,0.0,0.030670153962035398,0.04759238957925364,0.008707503006973514,0.02617987437037,0.0,0.08438596701349095,0.0,0.07740722628232427,0.0,0.0649686103086112,0.029782127794729996,0.07513324219864817,0.1062912051010792,0.01014507767026665
LFQ intensity D5_5,0.05342032454928952,0.05085051710202033,0.015353807265826296,0.019639437392938556,0.0,0.021531846565803904,0.0392033076520816,0.014791324828613511,0.17426397887888623,0.0,0.0,0.08310058997646616,0.0,0.023690012758199323,0.01444102249181572,0.0,0.017186497348436643,0.029659714935020856,0.07898445150627968,0.0,0.06731357644616973,0.0,0.07155722070941191,0.036640424866122207,0.06644426977733023,0.10814015632215028,0.013787518627137372
LFQ intensity D5_6,0.01859906521534415,0.061080123408635056,0.013320056079425014,0.013109486933076567,0.0,0.014410985987184613,0.0423621128377919,0.011241174865764437,0.18125566987723118,0.00810500214778876,0.0,0.08559577362867636,0.0,0.030338651969459632,0.05154001968674483,0.0,0.025535209580643006,0.04776773709354178,0.09031446611632622,0.0,0.0,0.0,0.06800802580432107,0.027606366331839296,0.07598288426433093,0.09911903768780084,0.034708150484074315
LFQ intensity D5_7,0.027909815957323034,0.03937603204832571,0.012890283843361508,0.0335690359504154,0.0,0.04017245296205494,0.0336123484169466,0.026412665433141847,0.18961872271792785,0.015915868793183668,0.0,0.0746999788773593,0.0,0.028805463636008794,0.013735078035963754,0.0,0.028658848487063612,0.027174611266333103,0.08264708010925435,0.0,0.0,0.0,0.07643957133563728,0.008482855008901488,0.06893314998359004,0.10138478341495717,0.06956135372225042
LFQ intensity D5_8,0.01578850433216688,0.038351461354980146,0.016876513408083077,0.025054756767065693,0.0,0.01682062305127169,0.04204080572168189,0.007905961225718421,0.19508027870070624,0.0,0.0,0.08002973178094239,0.0,0.027821097862067646,0.014366895272363686,0.0,0.02721850958953821,0.04739303526032167,0.07849074297526643,0.0,0.05972574501657854,0.0,0.07090421056714834,0.02153544374261859,0.07832117956230383,0.08436500022790623,0.05190950358127044
LFQ intensity D5_9,0.03555345485941825,0.07105919005336728,0.018501979554262787,0.011512876087542204,0.0,0.0,0.09797944486680757,0.0,0.2214013120359144,0.0,0.0,0.07625405856672461,0.0,0.035673456394845336,0.02453237339730566,0.0,0.0244166248411908,0.013608034798507782,0.07768368953898139,0.0,0.0,0.0,0.0657269107465909,0.020079371822880818,0.06676767843700145,0.10931587802032489,0.029933665978333933
LFQ intensity D6_1,0.03929311588747974,0.028065550806635916,0.014302544847743369,0.026349071632789503,0.0,0.0,0.04731893150584459,0.009090749306484236,0.21108759009143588,0.0,0.0,0.09304621179888906,0.0,0.04350269009658517,0.021282554501639808,0.0,0.03653776983986033,0.0,0.09004789124287411,0.0,0.0,0.0,0.06746809877244862,0.02330317925991982,0.07935321626914424,0.12593870943394886,0.04401212470627677
LFQ intensity D6_10,0.04772760919942741,0.05954835367968877,0.00774555877911106,0.012371581578148954,0.0,0.0,0.03487211092642038,0.021829096921856823,0.18621490637707103,0.0,0.0,0.08500743736386035,0.0,0.025307589014518458,0.024583013120611508,0.0,0.04003365969343822,0.022037692503584554,0.055219927295463385,0.0,0.0811589133043621,0.0,0.07350463814678065,0.025772185655061078,0.0556650193917406,0.1122125160955658,0.029188190953288923
LFQ intensity D6_11,0.005052635464656307,0.004059397790183288,0.021432821332255988,0.0,0.0,0.0,0.07234073287007892,0.0,0.20927597493792846,0.0,0.0,0.08061243543199376,0.0,0.025754545632106732,0.03938388746247026,0.0,0.024989877335979908,0.017429832100261018,0.09049956453546958,0.0,0.0863087664502586,0.0,0.057462586066666856,0.01343579913660269,0.06772426005528051,0.11397237376917975,0.07026450962862735
LFQ intensity D6_12,0.04431762482621274,0.0402139615502642,0.02447868762108802,0.0,0.0,0.0,0.08516016537654848,0.0,0.23368439237342564,0.00681155780675505,0.0,0.09365768518004405,0.0,0.04038618256163678,0.001148243916731118,0.0,0.04498848349521023,0.025371649044550474,0.06986816442774677,0.0,0.0,0.0,0.07189831783228476,0.02538516226096768,0.06726771392537624,0.11191418503542361,0.013447822765734292
LFQ intensity D6_2,0.03710859172586541,0.011159273667236404,0.02417904785857414,0.0,0.0,0.0,0.03965376042980355,0.025019193842484765,0.19989088261401766,0.0,0.0,0.09254173185019467,0.0,0.044531077237749656,0.050597199505441115,0.0,0.01835488293213045,0.03998035567494634,0.06554679757869963,0.0,0.0,0.0,0.07932135513300408,0.02596835274781318,0.06619357100313407,0.12001288096060221,0.05994104523830273
LFQ intensity D6_3,0.022723390642051467,0.0,0.013881142263750468,0.0,0.0,0.0,0.013733707707022603,0.0,0.2406821926469989,0.0,0.0,0.08167740009347592,0.0,0.03954765442517255,0.014671434128782995,0.0,0.02355494597408362,0.03868782937527801,0.05811809828407735,0.0,0.08318735084563408,0.0,0.05203443343688425,0.029245975495363234,0.06799781447992384,0.11392236590566328,0.1063342642958373
LFQ intensity D6_4,0.036317734895398024,0.06151309167229008,0.020013194464996872,0.023116851077506273,0.0,0.0,0.037609913115655626,0.024434875901027484,0.18800775581442483,0.015826276246545198,0.0,0.08988852441250132,0.0,0.0428643006868203,0.030466683109983364,0.0,0.024549297124219965,0.010918642662770218,0.08537009790650814,0.0,0.0,0.0,0.0695484628721266,0.02526507842087768,0.06707000068318024,0.11754691893525163,0.029672299997916145
LFQ intensity D6_5,0.022545057778918635,0.0,0.01700444887158652,0.0,0.0,0.0,0.03922339328757719,0.019029742500511128,0.19411576713468837,0.0,0.0,0.08042439921200208,0.0,0.02123459042109022,0.005924716662070421,0.0,0.02220037563310674,0.050738014194049066,0.08215592545248192,0.0,0.08253449763871445,0.0,0.05636837536724685,0.026530019979793935,0.057620605370032885,0.118761922704084,0.10358814779204562
LFQ intensity D6_6,0.040025938932842425,0.04316587394538948,0.025630208381737116,0.021127176561122236,0.0,0.0,0.04040733528748987,0.020813997741557743,0.2068813931713082,0.002620233830570917,0.0,0.09710382923951547,0.0,0.03095161136913281,0.0,0.0,0.040085738101556925,0.04283017816657136,0.05906923688163447,0.0,0.0,0.0,0.08120818453906323,0.028792009018260508,0.066124623948392,0.1232238918487432,0.029938539035112063
LFQ intensity D6_7,0.027132181122307978,0.04231991324519963,0.023371920896272325,0.012809145565292456,0.0,0.0,0.04485558999231583,0.017750975145592724,0.20472438347835792,0.0,0.0,0.08347529334291438,0.0,0.04097979713060545,0.02643725560194873,0.0,0.03082879674584286,0.023166797898996516,0.0733226817740693,0.0,0.0,0.0,0.08044715079666472,0.017405361111230637,0.06392192090975961,0.12528228825622,0.061768546986409
LFQ intensity D6_8,0.012807430804553105,0.0,0.01806488959195818,0.0002446013971071262,0.0,0.0,0.09924991736573086,0.0,0.22262526720222395,0.0,0.0,0.09568539689389687,0.0,0.04606182720313085,0.05527610072042795,0.0,0.037522215539770885,0.0,0.07215927773244768,0.0,0.0,0.0,0.055194065468217667,0.033913992362296,0.049590926168216254,0.14191143066599168,0.05969266088403108
LFQ intensity D6_9,0.04016514431524931,0.04744654831449022,0.017164272638434792,0.02108196328558909,0.0,0.0,0.09537620580536081,0.0,0.22541967546136055,0.0,0.00430555332723024,0.07837172121851618,0.0,0.0343317051656432,0.056111593380282404,0.0,0.023757711182164888,0.0,0.055071247122444815,0.0,0.0,0.0,0.05674099665730933,0.023092920840058775,0.07262076077771222,0.11081784249248944,0.038124138015663674
LFQ intensity D7_1,0.02649788627579066,0.0,0.027279222303947984,0.005872245778855179,0.0,0.0,0.002928869173341472,0.0,0.2308309265314167,0.0,0.005942312357806198,0.11003192557157916,0.0,0.026303586714429894,0.0029264382800193458,0.0,0.05177226091940532,0.002300925785805917,0.07233313445431218,0.0,0.08016031654118794,0.0,0.06379164777349013,0.04033570966661282,0.07142859894577494,0.1421775992207424,0.03708639370548165
LFQ intensity D7_2,0.0322651552069676,0.0,0.03697110535126507,0.0,0.0,0.0,0.02345565139712971,0.0,0.22522421430480571,0.0,0.003380177701343587,0.09340667667915965,0.0,0.05238897106174927,0.02769002016594614,0.0,0.053297393220131814,0.008690311975096588,0.05221694804452317,0.0,0.06715044015731582,0.0,0.07126233905646602,0.021320203653510096,0.05541964568692645,0.13743077490828204,0.038429971429381295
LFQ intensity D7_3,0.010615827088164454,0.0,0.03346725682438859,0.011704547339425928,0.0,0.0,0.0,0.0,0.24111816480863937,0.0,0.0,0.09409183987487442,0.0,0.04119312800362864,0.014549636780161234,0.0,0.041456894137122856,0.0,0.07365835590967715,0.0,0.07201910528615475,0.0,0.060619863062267854,0.026748413656322537,0.06998185758080025,0.14593792104362605,0.06283718860474581
LFQ intensity D7_4,0.014770634250557958,0.0,0.021820878084609124,0.0,0.0,0.0,0.0716541956507582,0.0,0.23312817907084604,0.0,0.0,0.09580992164306944,0.0,0.041309183810773635,0.04314995203503499,0.0,0.035001600926914504,0.0,0.09940083149927023,0.0,0.0,0.0,0.06177097219139343,0.02342177610613722,0.06909757326321081,0.14511851740939294,0.044545784058031536
LFQ intensity D7_5,0.017274823074188483,0.0,0.025626089165352976,0.019009252306953387,0.0,0.0,0.043216131124016406,0.0,0.2176389789153249,0.0,0.0,0.08941330383921364,0.0,0.032267782444137666,0.05182242888122589,0.0,0.03176431471865717,0.0,0.08157801285873081,0.0,0.05573435533469213,0.0,0.054550539189051304,0.0195867993208551,0.07049839829518718,0.12545601792384797,0.064562772608565
LFQ intensity D8_1,0.017399194800636238,0.0,0.04628900720514533,0.006273873656583323,0.0,0.0,0.007055063264640269,0.0,0.23286495595351248,0.0,0.0,0.10749515813104776,0.0,0.04681794538294041,0.03258004513150256,0.0,0.054979280543654925,0.0,0.0830180748923669,0.0,0.0,0.0,0.062230900773874005,0.03331820814164528,0.0626472528126901,0.15121617155151956,0.055814867758240724
LFQ intensity D8_2,0.04429040606452356,0.0,0.008099280887047849,0.0019024870666292085,0.0,0.0,0.03685910258781372,0.04791096157311104,0.14806185408430889,0.0,0.0,0.104925277905826,0.0,0.05657585970638153,0.026309421400409424,0.0,0.04891759638373362,0.0,0.08625322275089868,0.0,0.0648516156206972,0.0,0.0647030367598771,0.024768387447876267,0.05983308958817184,0.11815927102815778,0.05757912914453635
LFQ intensity D8_3,0.010072771497909291,0.0,0.03938160535798346,0.013134771425722551,0.0,0.0,0.0016115110813213127,0.0,0.2341020197190035,0.0,0.0,0.10296578931594653,0.0,0.05572637705599176,0.03510005813712368,0.0,0.05348936284484329,0.0,0.0633069255059321,0.0,0.0,0.0,0.05768903543419015,0.04327590799567343,0.06141045402068364,0.15515672219132928,0.07357668841634599
LFQ intensity D8_4,0.005226748853296032,0.0,0.026734766531920723,0.0,0.0,0.0,0.0,0.0,0.21121408473601966,0.0,0.0,0.10241670540547737,0.0,0.04606677260594526,0.06278087309958537,0.0,0.042422054122860264,0.0,0.06388460312098598,0.0,0.10606564628093075,0.0,0.04648885974313202,0.0233762904851772,0.05593944951155911,0.14213569480342778,0.06524745069968255
LFQ intensity D8_5,0.007915956740639189,0.0,0.035590312799225025,0.0,0.0,0.0,0.0,0.0,0.22236368570572143,0.0,0.0,0.09390604586116777,0.0,0.033466927711313876,0.016947744827538927,0.0,0.04845834065123546,0.0,0.07303492229672068,0.0,0.10979513546756885,0.0,0.04988675855401964,0.04158603457748642,0.06301148183102719,0.14033545824888735,0.06370119472744822
LFQ intensity D8_6,0.005795120645849626,0.0,0.04335292018518081,0.0012067063560439405,0.0,0.0,0.0618732207102379,0.0,0.2376402250985663,0.0,0.0,0.10748596522037465,0.0,0.03529770640535879,0.06103401591437895,0.0,0.05825025367574039,0.0,0.047813406381568904,0.0,0.0,0.0,0.07161113140126052,0.015084002927804178,0.07068073835813882,0.14364439651789956,0.03923019020159667
LFQ intensity D8_7,0.014302593818207381,0.0,0.03628804404029035,0.0,0.0,0.0,0.01575091011112363,0.0,0.2168321076336309,0.0,0.0,0.09866817849162993,0.0,0.04527394380042798,0.021016100848972916,0.0,0.05239996716433054,0.0,0.05459069070701582,0.0,0.10167604655907246,0.0,0.035545247355730704,0.035674198809762976,0.054193778686095984,0.15208538673895558,0.06570280523475283
LFQ intensity D9_1,0.029480875872925916,0.0,0.02420033616912636,0.0,0.0,0.0,0.0,0.0,0.200284483300826,0.0,0.0,0.09017622364130028,0.0,0.046016490558300135,0.07907612301842153,0.0,0.05714504211610175,0.0,0.0688847914004685,0.0,0.06400462104379805,0.0,0.07676864336720905,0.003886697650614659,0.06624990938507037,0.15130094680865885,0.04252481566717855
LFQ intensity D9_10,0.01894279378548372,0.0,0.03493494602339954,0.0024199241484104484,0.0,0.0,0.0265239058463655,0.0,0.2220245516755497,0.0,0.0,0.09545123624029622,0.0,0.03810531856918364,0.038741778472391665,0.0,0.030775779014258566,0.0,0.09816358952640236,0.0,0.06297767205269306,0.0,0.0681627349087271,0.01622374887025294,0.06124942509212494,0.13818319778050622,0.04711939799395432
LFQ intensity D9_11,0.01969165109323502,0.0,0.029035405405577606,0.0,0.0,0.0,0.01888802571848934,0.0,0.22653723674157442,0.0,0.0,0.09830768363829077,0.0,0.02846576940567404,0.09598012582765844,0.0,0.047813009942922154,0.0,0.09506621702563071,0.0,0.0,0.0,0.06619371760686311,0.012939789644267983,0.07194930534013443,0.1397360629062235,0.049395999703458544
LFQ intensity D9_12,0.04160108489246091,0.0,0.02747928560881351,0.0,0.0,0.0,0.018421647698904114,0.0,0.22036579443208124,0.0,0.0,0.09670299970845943,0.0,0.04375516105764856,0.09553857076834382,0.0,0.04082117037919283,0.0019924697369849823,0.09630449795919827,0.0,0.0,0.0,0.07642308451004055,0.007995586853906993,0.06197511439638109,0.13795356888035182,0.03266996311723186
LFQ intensity D9_2,0.01797080026822868,0.0,0.022969263545312917,0.0,0.0,0.0,0.026324226007781247,0.0,0.23018682486468053,0.0,0.0,0.10673324569622585,0.0,0.04734848363685158,0.04484800536279853,0.0,0.018345605669613387,0.0,0.08508238457061143,0.0,0.06612328744001321,0.0,0.07523173246447583,0.003331536377955748,0.06667732854057097,0.14786701243538047,0.04096026311949963
LFQ intensity D9_3,0.032196519005839044,0.0,0.029542315519572815,0.008720291293250386,0.0,0.0,0.0,0.0,0.22781976798710654,0.0,0.0,0.09001721123076119,0.0,0.035865221804914714,0.058069731347911734,0.0,0.04076306198737347,0.0,0.07554098227476781,0.0,0.06202743656094239,0.0,0.06878671594303779,0.01556202745447466,0.06201075835406224,0.15156496774573408,0.04151299149025128
LFQ intensity D9_4,0.02552223798361375,0.0,0.02596315890338711,0.0,0.0,0.0,0.0,0.0,0.23291999510559724,0.0,0.0,0.0979181596652329,0.0,0.03994491062596131,0.028275025540639532,0.0,0.027519232115648454,0.0,0.09822508903073277,0.0,0.07558555448810035,0.0,0.0691749031423008,0.008374243131409415,0.07217243392400001,0.1399440293692209,0.058461026974155485
LFQ intensity D9_5,0.01916642389458938,0.0,0.02073915778744746,0.005832470539861373,0.0,0.0,0.003168919374506843,0.0,0.23785088240579796,0.0,0.0,0.09107649242509816,0.0,0.024784585324113248,0.0830533190222954,0.0,0.0311664756753036,0.0,0.10002252159879567,0.0,0.062468437639910904,0.0,0.06884186985731683,0.0004620984094657582,0.06399193394879628,0.13925312612975768,0.04812128596694354
LFQ intensity D9_6,0.062276747041154455,0.0,0.030080270191284158,0.018192187417819045,0.0,0.0,0.0013254163411347436,0.0,0.2394593066352166,0.0,0.0,0.07895876490507553,0.0,0.015944994844761928,0.007620992386318353,0.0,0.03406406324632107,0.0,0.09338640730657564,0.0,0.06477530605309241,0.0,0.08393258216615276,0.015009423701284911,0.06366801924879807,0.1530228934556766,0.03828262505933365
LFQ intensity D9_7,0.030824306713419344,0.0,0.021420500118072634,0.007069449846735271,0.0,0.0,0.02108210825972785,0.0,0.25320058088924075,0.0,0.0,0.10263570892772342,0.0,0.028697915369777362,0.044875410461986946,0.0,0.0462198281728186,0.003932782485023339,0.08971904314790603,0.0,0.0,0.0,0.07750560335646614,0.019698408991222438,0.07568385226423682,0.14049186867306404,0.03694263232257902
LFQ intensity D9_8,0.04903117762429504,0.0,0.029787953067137687,0.0022031255139130443,0.0,0.0,0.02270759981273937,0.0,0.2187425754108913,0.0,0.0,0.09466579570870357,0.0,0.04882538380445897,0.00686214763155126,0.0,0.055899517503471316,0.0,0.08017054402218018,0.0,0.06348951627067176,0.0,0.08183017652845019,0.0,0.06618079368557384,0.14301779871864523,0.03658589469731717
LFQ intensity D9_9,0.024534674351869297,0.0,0.024111842261050447,0.0,0.0,0.0,0.0,0.0,0.24090544655339186,0.0,0.0,0.09663905700386331,0.0,0.037648350556071755,0.02936208020608641,0.0,0.039074276594943634,0.0,0.09033768180980392,0.0,0.06499734797525995,0.0,0.06761600164881638,0.026117440732816424,0.056989403376392106,0.15312414004717004,0.04854225688246446
