group,01,02,03,04,06,08,10,12
Amphid socket,1.2155962983094137e-06,0.0,0.0,1.5879011093721243e-07,7.918340942094506e-06,8.027511834852208e-05,3.962798641229659e-05,2.251172168795357e-05
Anal muscle,0.015150198950734049,0.02043329980664545,0.020950226218693285,0.026314204273107062,0.022465305487385984,0.026487616247366348,0.01324212757401774,0.013074441547811061
Coelomocytes,0.0006075871959706734,0.0009828772748605979,0.0014900455427870355,0.0017309172079190637,0.0018706479256110143,0.001729669290569478,0.0012215798035714845,0.0011257889786107185
Distal tip cell,0.0034488944422336647,0.003064684154990144,0.0036664126723883347,0.004680867878105959,0.003590885280415514,0.008060217511984737,0.0038195321544027853,0.005035322596714206
Embryonic cells,0.004821704575071307,0.005450916894040754,0.0035612793491690236,0.0061975505953041545,0.013176933847834854,0.007920746002731795,0.029625882575774865,0.03368710061513099
Epidermis and seam cells ,0.0015612236546854524,0.0009472139230241474,0.0008463565493673917,0.000431375719266465,0.0002429606418801375,0.0004092267938512368,0.0003532079596164679,0.0003921743497974853
Excretory cell,0.0027947456231254258,0.0028376266976440118,0.0024147759919597037,0.0015047202445658606,0.0008417759530655772,0.0019739528150853796,0.0015261797244578408,0.0018783226174397779
Excretory gland,0.009969954676034098,0.017625453076302734,0.015451288120092352,0.01733419121550725,0.021438243419436273,0.011236991839946718,0.009336394515255883,0.010119000492126492
Germline,0.10460533025943172,0.13702663507681348,0.13064238443846937,0.126883205356919,0.13102441116861216,0.08650167187843447,0.12149631199405957,0.11342604170397108
Glia,0.020163276933069612,0.01627069418560895,0.014932008359184398,0.012120069944225115,0.01105581679554862,0.015107057649696422,0.00926092336074863,0.01032486952964719
Gonadal,0.0724280173927267,0.10362596637454549,0.10650497062504417,0.11989434011439039,0.11210235915950473,0.12308376938680572,0.1318210519253711,0.1442047900730128
Hypodermal cells,0.04251972450313891,0.002774697293746647,0.0005490440478968297,0.0,0.0,9.134785668953015e-06,6.121758975214772e-06,4.249974662843349e-06
Intestinal-rectal valve,0.0030125143215940942,0.00036777756184813997,0.000879004864292806,0.0005679137192245268,0.00037905552308577955,0.00033627787450844684,0.00010096030882763252,0.0001201542317368245
Intestine,0.14834358601525582,0.18091466495862069,0.19317501751492397,0.16939387069359838,0.1419445679458526,0.1385147876613426,0.060869417221048765,0.05154848685199121
Marginal cell,0.003061206126310916,0.001750246267305396,0.0024107218969616666,0.0036028928972634397,0.0036862780313050678,0.005304361741938892,0.002685797979669187,0.003229860217734513
Muscle,0.10736665930939941,0.05755515629354449,0.05039886721442062,0.042615846515553404,0.03675180209621038,0.05659967126798705,0.03193909981051928,0.03607101371054951
Neurons,0.027118785928155545,0.04295786471897811,0.037692947670665854,0.05615841727537727,0.057200697346397274,0.07851285299968985,0.06354627218272825,0.07775873537899576
Pharyngeal gland,0.005173776136957474,0.005736388926097216,0.005630107059216159,0.007635461845668461,0.010138721324070255,0.011221503703598519,0.009079470572504026,0.008164991596866813
Phasmid socket,0.006863304445632655,0.009611599616406593,0.010786461723977214,0.009647929560362999,0.00983484535246053,0.011889804717713953,0.010387103904522828,0.01265779283226782
Seminal vesicle (male),0.000459577144664444,0.000527881985235821,0.0004225498116955536,0.0005774194531625001,0.0005030526397721945,0.00022470897102334816,0.0003353838257215968,0.0002639678952447266
Sperm,0.0006190882961125657,5.921455700947829e-06,3.9428069901359355e-05,0.00023384627249385816,0.0004287232415279571,0.014019828238306243,0.010705647596051446,0.003711697111467844
Spermatheca,0.0774002713655816,0.07805407557560824,0.07543113304256834,0.07014312644873687,0.06700180097836876,0.038664146866432915,0.07355055045679408,0.04985303182790398
Spermatheca-Uterine junction,0.001644006715472035,0.001753786232684129,0.0015499793165188749,0.0015265997572266458,0.0018446767758443297,0.001405913633269875,0.002936794383408163,0.0018852627775007265
Unassigned sheath cells,0.00010331266498593085,3.3833468171821175e-05,0.00024815984035795756,0.0,0.0,0.0017875972089274122,0.00042473368373759345,0.0010279879228123994
Uterine-vulval cells,0.07523824709681311,0.10744180360427563,0.10677012594391286,0.1341443657493679,0.1734047170904159,0.1419264560997685,0.24625941435091853,0.2333567114524822
Vulval cell,0.006439028050831873,0.004777879777484438,0.004213054890096816,0.005912885382889535,0.004338725112839512,0.004418763510910154,0.001970027874336128,0.001694641255321619
XXX cell,3.781330026115882e-20,3.957889538829891e-20,4.770694527961225e-20,2.3732823832204167e-20,4.3067598178712604e-20,6.994155153312605e-07,3.453928994502688e-20,3.0065366120317375e-20
"arcade, marginal and pharyngeal muscle cells",0.004052157977391913,0.004934790009604728,0.0035107364032024553,0.003083511565579821,0.0022962160621000953,0.004321989577605341,0.003332325982190433,0.0054214293284176466
cephalic sheath  and unidentified glial,0.0007377208169084722,0.0008274858714900461,0.0010236135531580977,0.0013428209919707638,0.0013296714362975054,0.001858377359348483,0.0025496704724912865,0.0039059360527493262
hmc,0.004212625166028016,0.005802016917888244,0.004444164456563783,0.008862006503956266,0.011332361408184702,0.012834912438163818,0.015304088629551698,0.017307733346872925
vulval cells and the epidermis,0.07896682593160072,0.02992723923363132,0.03430644124315732,0.023443154460653336,0.018406673970679435,0.026951508524833974,0.009901218811454901,0.01171968932827501
