,Amphid socket,Anal muscle,Body wall muscle anterior,Body wall muscle middle,Body wall muscle posterior,Coelomocytes,Distal tip,Embryonic cells,GLR,Glia_2,Glia_3,Hypodermis head,Hypodermis tail,Intestinal-rectal valve,Intestine anterior,Intestine middle,Intestine posterior,Marginal cells,Mature sperm,Mitotic germ cells,Oocytes,PVD_FLP,Phasmid socket,Rectal gland,Seam cells (bus+),Seam cells (grd+),Spermatheca bag distal,Spermatheca bag proximal,Spermatheca neck distal,Spermatheca neck proximal,Spermatheca-Uterine junction,Spermatocytes,Syncitial pachytene spermatocytes,Unassigned sex-specific muscle,Unassigned sheath cells,Unassigned uterine cells,Uterine muscle,Uterine seam cells,Uterine toroid,Uterine-vulval cells,Vulval cells,cat-4(+)ptps-1(+) intestine anterior,hmc,hyp4_to_hyp6,pm1_pm2 (pharyngeal muscle),pm3_pm4_pm5 (pharyngeal muscle),pm6_pm7 (pharyngeal muscle),sh2 (gonadal sheath distal),sh3_sh4 (gonadal sheath proximal),sh5 (gonadal sheath proximal),vm1 (vulval muscle),vm2 (vulval muscle),timepoints
LFQ intensity D1_1,0.0,0.0485720934159149,0.005724755058327872,0.0,0.012227203750240865,0.0,0.03335286440426466,0.0,0.005029018850545292,0.0,0.0,0.05297842309608457,0.0,0.04899959822654243,0.020985273993909998,0.030360105249515528,0.08950700797224745,0.0,0.0,0.0811134083882389,0.0,0.0,0.0,0.026136538147127995,0.05310320362969889,0.02228249575873856,0.015259016036059052,0.030448274451128313,0.009079323608858249,0.0,0.0214725347795063,0.0,0.038980710405997064,0.016726133959381943,0.0360359572568213,0.015718661152118403,0.02793724331984842,0.029342097780542788,0.0031763674961258273,0.009912066463050349,0.0,0.0,0.0,0.022529560929527966,0.0,0.08311076701115722,0.006981131618667518,0.02583796226740892,0.0,0.0026057807857263952,0.04825032992328546,0.026224090813390537,1
LFQ intensity D1_10,0.0,0.04794993241217783,0.0035907760524928993,0.0,0.030816182390740673,0.0,0.02147999570192678,0.0,0.0,0.0,0.0,0.05232957607517948,0.0,0.055831115354394854,0.015215611151947408,0.03039123951390577,0.08372865886243738,0.0,0.0,0.056266141354408813,0.0,0.0,0.0,0.024609491980131886,0.06044291133034962,0.03877216257468884,0.011070637213830694,0.03713677368861581,0.017375914813802622,0.004457539829253845,0.003431386506993326,0.0,0.036028093170377085,0.018100908738836758,0.03945698844538653,0.030106359632270097,0.0300207413719707,0.02522452192482371,0.006981036821214182,0.0,0.0,0.0,0.0,0.0063608949917334364,0.0,0.07049039903493483,0.016000445399191553,0.031235842625845216,0.0,0.0013398996338503289,0.060513047726626,0.03324477367566077,1
LFQ intensity D1_11,0.00021790794429671616,0.05095509875919298,0.00781967485900385,0.0,0.015707121293648943,0.0,0.021525725299849422,0.0,0.0,0.0,0.0,0.04706998852064218,0.0,0.038286811307302646,0.021728157122739095,0.020318701091363096,0.08723300505855772,0.0,0.0,0.06511676625285256,0.0,0.0,0.0,0.025063693859416165,0.0677222711409271,0.03134912083537556,0.012763657916639649,0.03154182506305781,0.013173360777774746,0.001358496557239134,0.03483824785837646,0.0,0.03608909047564493,0.020607332648529535,0.02756943486830622,0.02959460892459432,0.033112669084597195,0.03085410440941236,0.0024645103536649862,0.003333919868774556,0.0,0.0,0.0,0.007115419671580259,0.0,0.07147117511288037,0.024384028434474743,0.03466013227053578,0.0,0.0,0.0549644126965346,0.029989529662214385,1
LFQ intensity D1_2,0.0,0.051019942051629394,0.010626704191721445,0.0,0.007806532730718906,0.0,0.03141833479271135,0.0,0.01887140585552229,0.0,0.0,0.04485892106329224,0.0,0.04286702666246159,0.016253039678894392,0.029822391674128416,0.08802293107067827,0.0,0.0,0.057782743943167646,0.0,0.0,0.0,0.025673628968789143,0.04916210950268586,0.036634949212214565,0.01120783265336279,0.036138140303019456,0.016672838100197766,0.0,0.039261639104797866,0.0,0.036847491425279384,0.02075574358907361,0.028698229128032354,0.03303281298115922,0.028104739110294773,0.026114418340626527,0.001140463302796437,0.0025135926404110873,0.006068594241579207,0.0,0.0047995669772519034,0.0077214471496972244,0.0,0.06810789672487258,0.018160801317314797,0.019875995681898958,0.0077745327889738106,0.0010814515219968004,0.04491077126947543,0.03019034024927249,1
LFQ intensity D1_3,0.0,0.047103903481019095,0.009268231343723236,0.0,0.01363193674313734,0.0,0.04298974083525412,0.0,0.015808822245387023,0.0,0.0,0.031198812842006644,0.0,0.03424772789479094,0.01950680265164011,0.02798342096167785,0.08706437407800557,0.0,0.0,0.07693030855810565,0.0,0.0,0.0,0.024929458361101525,0.04580786876536894,0.04082496317220213,0.008405521469314644,0.03317491256743356,0.01473000733338347,0.0,0.033708981256696816,0.0,0.028056141620101744,0.01942205570869641,0.03843981145417342,0.029872205083115184,0.03242671263827653,0.025642118159534887,0.00546547847889023,0.007438785578164995,0.0,0.0,0.002555146976805944,0.007245311120059267,0.0,0.06554580199462177,0.01784060123402043,0.029761460084436305,0.0,0.0,0.056461450052833394,0.026511125256020784,1
LFQ intensity D1_4,0.0,0.05028925284784497,0.0,0.0,0.03917716583650351,0.0,0.017361959245192342,0.0,0.0,0.0,0.0,0.05166733844306657,0.0,0.039008525527954474,0.028466714304059868,0.0,0.08298862166618086,0.0,0.0,0.06332386553734615,0.0,0.0,0.0,0.025489723613113448,0.048801148408313455,0.04027255726775232,0.006259602740625605,0.030300438628197802,0.015514006805660459,0.0,0.03936055165707382,0.0,0.04118142719116808,0.019682432217240017,0.03687770659306127,0.022537842906844057,0.03404508279856177,0.02446342508908662,0.007693372000697783,0.004032883643270148,0.0,0.0,0.0,0.004491759603106919,0.0,0.0807030193289811,0.020385964423813678,0.037401643406723015,0.0,0.0010901775125771002,0.05537652349058715,0.031755267265395674,1
LFQ intensity D1_5,0.0,0.04952496062588194,0.007621823187304632,0.0,0.04024628804136326,0.0,0.04367354030919015,0.0,0.0,0.0,0.0,0.03804182277639218,0.0,0.0510835890180693,0.005409421053161032,0.024660804748230153,0.08182997042735608,0.00023406214780826478,0.0,0.05892403475740229,0.0,0.0,0.0,0.023315885421731047,0.05837959343232907,0.04381284067164762,0.013131553184656865,0.028271319810960684,0.010921557573642778,0.0007055910199310916,0.03199200753782285,0.0,0.04712029149495885,0.014055132854287984,0.027679600626583006,0.025659665845093514,0.027383946705330172,0.023164248966149756,0.007596561018009336,0.0028201881803525015,0.0,0.0,0.0,0.010328850268751294,0.0,0.06190208419964408,0.029557726859240237,0.032145765727310455,0.0,0.0,0.052110284266215036,0.026694987243192355,1
LFQ intensity D1_6,0.02462381931959528,0.055638695998990934,0.0,0.001843874572794381,0.0,0.0,0.03405267689737597,0.0,0.0,0.0,0.0,0.0,0.0,0.0503236239398513,0.02505627780006788,0.0,0.07820733913349315,0.0,0.0,0.047685896092433976,0.0,0.0,0.0,0.034892468435156664,0.07203935083615358,0.04310302857397461,0.014673814481703067,0.03409377600255709,0.021910365432632053,0.011035749478821803,0.04031883266651479,0.0,0.032881364238394814,0.017560479833510095,0.04404787826397119,0.032692747474259,0.034844787404806184,0.019614798380240148,0.0018474599607955222,0.004477824380828643,0.0,0.0,0.0,0.0,0.005107413598947706,0.058513170291035116,0.03539860316514003,0.029638077094357958,0.0,0.0021954648057723927,0.06462305837036696,0.02705728307545769,1
LFQ intensity D1_7,0.0,0.060064778942972345,0.0059998219527767314,0.0,0.015002691038193962,0.0,0.0359261856819065,0.0,0.01948831067068178,0.0,0.0,0.03934270310168594,0.0,0.042751853845661394,0.021099247429113066,0.030797283378763037,0.08881945512991248,0.0,0.0,0.047540908046043856,0.0,0.0,0.0,0.027940567822429693,0.05470584533455325,0.05147727558470828,0.009474735712629105,0.03784905469867712,0.017877094134736222,0.0,0.035066526013020634,0.0,0.016674845011460826,0.01619105449743248,0.03978504010297361,0.02838438235378652,0.032190584977891346,0.02234674954960913,0.007880517144568557,0.0,0.0,0.0,0.004956464454928722,0.0037868637413566693,0.0,0.06609591098862068,0.004362366328396681,0.03575670128261966,0.0,0.0,0.05463047186707699,0.025733709180812685,1
LFQ intensity D1_8,0.0,0.04870690487781032,0.013940369047652137,0.0,0.015725948040603736,0.0029591538568210078,0.028558682259895423,0.0,0.0,0.0,0.0,0.04917257119767357,0.0,0.04994927403099538,0.006166131689580073,0.02386776399008312,0.10137165660847187,0.0,0.0,0.04983278318748919,0.0,0.0,0.0,0.014055863039673676,0.05299600470935639,0.03761454092605526,0.00786342491160887,0.023334467529833904,0.01624040712421227,0.011457075377405854,0.0419680428823414,0.0,0.029685467793211427,0.016356696963366807,0.03493377152666317,0.023999854271747518,0.029009258196722596,0.0328711633665394,0.00603181979597685,0.002055055555089773,0.0,0.0,0.0,0.007887696410516303,0.0,0.0781150969579828,0.02545506546614502,0.02867066063152418,0.0,0.0028821335492458765,0.05535269356223793,0.03091250066546686,1
LFQ intensity D1_9,0.004340636786216584,0.04745547445089946,0.01667399792045956,0.0,0.014983044523460453,0.0,0.02331231835959477,0.0,0.01909736606411642,0.0,0.0,0.043985607869700974,0.0,0.04455686189332024,0.02332699166195711,0.0,0.08934275773462697,0.0028820013395191584,0.0,0.049817511702710385,0.0,0.0,0.0,0.027544757949192835,0.0471429947671826,0.04321472901919933,0.002697639690865302,0.02056243358465092,0.015965004270640175,0.010186230692794973,0.038605094840334746,0.0,0.042041157456680904,0.021260389706975313,0.036230677575494016,0.02438446233845624,0.03599404370141504,0.03133302043891425,0.005437009768304743,0.0,0.0,0.0,0.004575011749561074,0.0067249812837173895,0.0,0.06796731910755277,0.009663452746275211,0.041404796467145746,0.0,0.005769760126825463,0.0587781668759698,0.022742295535268874,1
LFQ intensity D10_1,0.0,0.062319197452302896,0.008996467411624909,0.0,0.0,0.0016972642266111493,0.02027373363298745,0.0,0.008583789401605245,0.007583214932837779,0.0,0.08173808668271296,0.0,0.0,0.0,0.0224356876008277,0.04436208399814685,0.02805562243506163,0.0,0.044441942961223044,0.0,0.00024628829493910547,0.0,0.03233284009917511,0.0,0.0,0.0,0.0711332962101955,0.035652966641602724,0.0,0.0073229322460792185,0.0,0.03228111755398178,0.011715480822091166,0.06755451956804567,0.042302068942670835,0.028148563644424928,0.0005515845374187316,0.03420707911672453,0.010164795306284051,0.025715627301506574,0.0,0.030722446378631002,0.0,0.0,0.033993950492184025,0.01067217167995783,0.04703227793439873,0.0348143249421609,0.0,0.08736275653612,0.025585821015465943,10
LFQ intensity D10_10,0.006711758634935203,0.05558130096322608,0.010408651074216891,0.0,0.0,0.006216949731213892,0.039180324495422365,0.0,0.017593891117690268,0.0005068056975946765,0.0,0.07799687687772221,0.0,0.0,0.017236609089050392,0.0,0.042423346583926436,0.020298107588580916,0.0,0.039412071198524516,0.0,0.004806265090852492,0.0,0.02905842709112241,0.00873965726350365,0.0,0.0,0.06273575492618254,0.029640520637288604,0.0,0.010318498449514045,0.0,0.037975585282416825,0.011602244978734216,0.05511791273367338,0.04628266270307575,0.0280403610610731,0.0,0.03845115753431932,0.012598665853727084,0.0,0.0,0.029370442893848155,0.0,0.0,0.0429929969367711,0.016825977685231967,0.045433387930953736,0.041825088599304415,0.0,0.08896886125138154,0.025648838044921865,10
LFQ intensity D10_2,0.0,0.06479606077992892,0.011020942738992992,0.0,0.0,0.0,0.001005436640554547,0.0,0.007346004022268742,0.011590704839110604,0.0,0.02551505550332533,0.0,0.002825497421235233,0.0,0.014147517449440117,0.04301261940032161,0.0059629867078889055,0.0,0.07844203562036102,0.0,0.0,0.0,0.030412345532003067,0.0,0.0,0.0021928186468840806,0.07555874835936555,0.03673902181115715,0.0,0.008983748455225482,0.0,0.07020432908081813,0.003132697530093908,0.07218208718429445,0.05683195584234205,0.02444519454996906,0.0,0.04302990035085,0.01106186342937001,0.029394601980153118,0.0,0.02532670498437406,0.0,0.003143593476689178,0.041022980569417264,0.0,0.042577978980094876,0.03981208692524215,0.0,0.09443123874096958,0.02385124244725892,10
LFQ intensity D10_3,0.0,0.06395715095986844,0.004853254326823896,0.0,0.0,0.007821521108493098,0.023961243775280586,0.0,0.018974608593179194,0.004029553741854135,0.0,0.05691254271420178,0.0,0.0,0.0,0.03304051761596973,0.03907871615926724,0.0,0.0,0.05200139885734215,0.0,0.0,0.0,0.021791130243017542,0.0,0.0,0.003089822345727219,0.0659953696695685,0.028857628944746763,0.0,0.014935008546799768,0.0,0.058522710351787,0.012709892000670677,0.0669082195917857,0.040165689375148105,0.030965294263263485,0.021617500006761572,0.03066524931140974,0.0073642849158194745,0.0,0.0,0.03269979738923958,0.0,0.004331955453616632,0.04147588491806634,0.0,0.03898162104155386,0.05000194425574812,0.0,0.09973011525869858,0.024560374264290894,10
LFQ intensity D10_4,0.0,0.06297130151978092,0.012680146049258966,0.0,0.0,0.0,0.0,0.0,0.0,0.006533354308486409,0.0,0.07271779517679376,0.0,0.005430462957014067,0.0,0.03397852077683836,0.04642034667135521,0.019032629170705695,0.0,0.05504118272001211,0.0,0.0019831475166457962,0.0,0.028347080818177543,0.0,0.0,0.0,0.07769923081017009,0.03888956796961603,0.0,0.023087378091316,0.0,0.07724605227037733,0.006130666700784141,0.06484219868918249,0.048220615649844034,0.020986921957325957,0.0,0.03299485518190019,0.004484828630394555,0.02969196575830992,0.0,0.01326043109420202,0.0,0.0,0.045184992137999806,0.011188701103305398,0.034770794037031094,0.030364015988357654,0.0,0.07136873978438453,0.02445207646043006,10
LFQ intensity D10_5,0.0,0.05288694755031468,0.009821304265919841,0.0,0.0,0.01811590466200417,0.02989369237387586,0.0,0.019462878145487444,0.005093653062498065,0.0,0.08505806416976035,0.0,0.014398802214927042,0.0,0.011224007173186647,0.04677651826280478,0.02713952550261004,0.0,0.06416134437706,0.0,0.0,0.0,0.029637530151497275,0.0,0.0,0.0,0.05580623679057743,0.023689985574219113,0.0,0.021674445984526537,0.0,0.057925021530637034,0.010095212651183658,0.06309907624403391,0.03544357261564506,0.02719130054115929,0.00488461113895143,0.03070744905504343,0.009156575193632504,0.0,0.0,0.02994554388314314,0.0,0.0,0.02356723572128456,0.004364875323714796,0.03578295378645703,0.03672361233638109,0.0,0.09143349017711332,0.024838629540350446,10
LFQ intensity D10_6,0.0,0.06875784313280421,0.016963916884319474,0.0,0.0,0.0,0.004634009611082262,0.0,0.0,0.011877298051728444,0.0,0.04775443856437404,0.0,0.023440057133923217,0.0,0.03617171790772062,0.05078594201868628,0.026776918528740475,0.0,0.07312985399986278,0.0,0.0032808206944187047,0.0,0.03172774026768373,0.0,0.0,0.0,0.06795324210205973,0.03765074214312007,0.0,0.015014334998415223,0.0,0.053555218665442626,0.007551023199260979,0.05706188053265409,0.04789474275855402,0.01811433292017401,0.0,0.030436663125910198,0.0016764451981470044,0.033531067131689615,0.0,0.0031902982165737553,0.0,0.0,0.05183363462008461,0.022744892892371135,0.04463482314726731,0.028891944457676826,0.0019937675198678467,0.05664093848358164,0.024329451091804843,10
LFQ intensity D10_7,0.0,0.06760792522511325,0.006772427902559492,0.0,0.0,0.0097131833115544,0.01285429776965218,0.0,0.004277571883008331,0.0061240520566554595,0.0,0.07912409750781392,0.0,0.005768594415569794,0.0,0.033591169139685594,0.03774372800649392,0.008981051001337049,0.0,0.06384274674836526,0.0,0.0,0.0,0.013491007705302666,0.0,0.00292512000263893,0.0,0.07768268720071432,0.037767857177815015,0.0,0.01569095272988776,0.0,0.033496838651309535,0.011309272015950753,0.061114383613934405,0.03757084483726746,0.03137198876565299,0.023994149064486228,0.02817201707059767,0.005021702046321819,0.0,0.0,0.03178145087713943,0.0,0.0,0.03179483820150222,0.0059148812881882635,0.044034282877917816,0.04087912742251539,0.0,0.10402452301819406,0.02556123046485447,10
LFQ intensity D10_8,0.0,0.05372310048828528,0.005550803718905474,0.0,0.0,0.013719157098190885,0.032041699358610023,0.0,0.015141798731169262,0.0,0.0,0.06637164322026741,0.0,0.00865173143434646,0.0,0.03876190875750867,0.04882020765940966,0.01242729910800097,0.0,0.05844169966519066,0.0,0.0,0.0,0.013623063844309747,0.0,0.0,0.009151337743905636,0.060273421950645376,0.02479824520314094,0.0,0.021162167142963977,0.0,0.049636470924389824,0.007798966369977878,0.057616900437171166,0.03734037594252807,0.026304088298840293,0.009312546163373321,0.02998551947086614,0.009519984041924962,0.02400841947206615,0.0,0.0340296387721564,0.0,0.0,0.03230503836692129,0.005438915473728778,0.04199125836966393,0.042434476277544673,0.0,0.08962781353912087,0.019990302954875912,10
LFQ intensity D10_9,0.0,0.06266415797821592,0.009500003021196697,0.0,0.0,0.004430703715149297,0.02160714572624312,0.0,0.016010230088773593,0.008068523768089501,0.0,0.07862539965215387,0.0,0.0,0.0,0.03223843549982635,0.04301201037734449,0.009743923049618809,0.0,0.048779657002120946,0.0,0.0075558600638278555,0.0,0.027755105533907403,0.0,0.0,0.0,0.06712070534207254,0.03667905467261019,0.0,0.008867230460442625,0.0,0.05195464268299022,0.01124496471394386,0.06366734090694101,0.040322867646372045,0.0301695322371943,0.00487610619412289,0.03214387517306428,0.00912877498714789,0.0,0.0,0.03645789045830691,0.0,0.0,0.032450068511462635,0.0,0.04396396293748009,0.03851567339637396,0.0,0.09664148324917773,0.025804670953828913,10
LFQ intensity D2_1,0.0,0.057555462818067886,0.007561145945559273,0.0,0.010886893214040497,0.0,0.02113700675942751,0.0,0.014200174513065185,0.0,0.0,0.045992037517837744,0.0,0.03645335176771486,0.0022796460099645155,0.022361009672826646,0.08905071194147973,0.0,0.0,0.060465998251934404,0.011423709719507352,0.0,0.0,0.028164893879310936,0.034847569508220023,0.04316029204654169,0.010346352590988147,0.04703325793361295,0.0207210323140241,0.004643465299213803,0.0065620706414814284,0.0,0.015295063015452075,0.01730490672719002,0.04750159119957578,0.03178864100758452,0.021778503515352626,0.016806689607524128,0.02159566992673657,0.0,0.007545118730550509,0.0,0.012159418039204452,0.0,0.0,0.07876716822620522,0.012429807771331788,0.027956838591018968,0.027727936812209954,0.0021254298406952247,0.054444890024103076,0.029926244620446553,2
LFQ intensity D2_2,0.0,0.05012260328806474,0.011435523661981577,0.0,0.014157664464146845,0.0,0.029757418484841307,0.0,0.018390631570439818,0.0,0.0,0.06198267487522466,0.0,0.03566086105582113,0.029266825366767696,0.029062626389742736,0.08020025868885758,0.0,0.0,0.044863166396164805,0.006096089832416287,0.0,0.0,0.021097961506865718,0.032434416252044254,0.04856664689215437,0.009736037856260447,0.03682176995845194,0.01824517776814279,0.0035777862046574224,0.006332971952494323,0.0,0.008004325293025725,0.015487359094283762,0.03608902725033181,0.04171902557724705,0.022287085020487627,0.004404932668888721,0.023277155868809806,0.006308458578279889,0.01902558921312951,0.0,0.013331719830954214,0.0,0.0,0.0529226732842133,0.020092046838817074,0.03526526633410798,0.027730615854587307,0.0,0.056810595965143006,0.029435010862152774,2
LFQ intensity D2_3,0.0,0.0544751346208819,0.0016457295089745921,0.0,0.0,0.0,0.03696805025454067,0.0,0.01917221023814971,0.0007357501147966352,0.0,0.06364769213637177,0.0,0.03920997389650447,0.022384429416082662,0.0,0.08476964930115845,0.0,0.0,0.05111254949714351,0.0,0.0,0.0,0.027512188064030524,0.032515392207269574,0.043418191715321984,0.0058847194173467805,0.036607878793363025,0.019629004251820938,0.0024126749579755726,0.016656278562230422,0.0,0.031079599602027594,0.020792759993812658,0.03870314762298066,0.04000037137230271,0.02395228844794115,0.0,0.024070340999946382,0.007815576682498996,0.003057562994644649,0.0,0.015408024604358106,0.004650843822406546,0.0037946832504595998,0.0729610670528578,0.0,0.044015363102650494,0.027433697427773466,0.0,0.05118984683649975,0.0323173292328763,2
LFQ intensity D2_4,0.0,0.05364506249532451,0.00965668821290992,0.0,0.0,0.0,0.02966671592078602,0.0,0.0,0.0,0.0,0.0627544503174062,0.0003000078660156624,0.037769177119777696,0.030851351334274597,0.029872547935081237,0.09110465766386916,0.0,0.0,0.047045685319276706,0.0,0.0,0.0,0.018625879082912866,0.03818953640265822,0.036920889475486655,0.0,0.051105075164413684,0.03152857054968553,0.0,0.0,0.0,0.008439484227300804,0.016686756453926484,0.03853456053966511,0.03479882759246807,0.025866203416505668,0.025756623769349948,0.015299060163691286,0.0014416229388371094,0.011664567513504174,0.0,0.0,0.01322809833755531,0.0,0.06641544336153993,0.01675722167838956,0.03155188575455825,0.03069803841222848,0.0,0.0639155324992208,0.029909778481380163,2
LFQ intensity D2_5,0.0,0.058566439224938774,0.007148949464655652,0.0,0.04099655908812608,0.0,0.0215164468986253,0.0,0.004933521562866813,0.0,0.0,0.04013638809420117,0.002975658734357527,0.03693279329521415,0.020845075231343328,0.027221368625016347,0.08116834258284215,0.0,0.0,0.048317823571900856,0.005130829931835492,0.0,0.0,0.01684009484588365,0.03869673308319253,0.03388354540168357,0.006929191662509976,0.04041720252184155,0.02147379901713561,0.002820814248013174,0.010599368598649454,0.0,0.034854584145974504,0.011889692404052675,0.04583217040793027,0.03638058045260832,0.017531682678748436,0.0,0.029286577278437552,0.006440076507628203,0.01896037549505169,0.0,0.0023262228348858494,0.0,0.0,0.07843873355315273,0.0054955923787711304,0.03663898119639507,0.029003224247316276,0.0034968826027822497,0.050128801216623754,0.025744876914808142,2
LFQ intensity D2_6,0.0,0.05798852484614979,0.010523634534021721,0.0,0.01563087611457848,0.0,0.020111878014256568,0.0,0.010034691315039942,0.0,0.0,0.05303494625861227,0.0,0.038074821554923186,0.017274445065056605,0.0,0.08208262217229531,0.0,0.0,0.04953151685590761,0.0,0.0,0.0,0.022842111858780788,0.03383660350485263,0.04110775743875848,0.003657714374330917,0.03902562163734474,0.020282261303095184,0.0,0.037628737958492045,0.0,0.012496307779167182,0.017314551731785033,0.057049281018063565,0.036850424682203974,0.02880014785219146,0.0,0.027391193639748453,0.005960311677494942,0.016020542997151287,0.0,0.009959288869442586,0.0,0.0,0.06841052683111752,0.014535260009917918,0.05402331547446186,0.0,0.0,0.06667801531722727,0.03184206731353068,2
LFQ intensity D2_7,0.0,0.05219844854025326,0.00790495607700466,0.0,0.014976652111608342,0.0,0.01880581360096095,0.0,0.007247996506703958,0.0,0.0,0.04999893070011883,0.0,0.03617926832324608,0.018726108895148592,0.030743831088177624,0.08291216612373463,0.0,0.0,0.04745839523475725,0.0,0.0,0.0,0.026466881699556567,0.023402081826891484,0.05244416209336023,0.006738514505231997,0.04365770045759903,0.01789158726174319,0.0,0.021686709671210027,0.0,0.025339371966101656,0.017303192954223154,0.03544007222039812,0.03686633455169303,0.02574726268786638,0.0,0.02978463271731832,0.007740665748828583,0.003909463259412981,0.0,0.009329890045221067,0.0,0.0,0.07587259048980051,0.009223885448154279,0.04149880990651456,0.030859105959856466,0.004266709584507618,0.061255618452702026,0.02612218929009459,2
LFQ intensity D2_8,0.0,0.05496994103885573,0.005838241139538756,0.0,0.012537053587159187,0.0,0.03044218677799798,0.0,0.017426330656643205,0.0,0.0,0.047806843492445246,0.0,0.04052804377321738,0.008512015111937164,0.03146393701359195,0.08601894724470811,0.0,0.0,0.04857000268280706,0.0,0.0,0.0,0.02708680958962423,0.027905525921240414,0.036189764816900824,0.0029518581111879316,0.03808562179172971,0.02554601983878938,0.0011215135118434506,0.02095357931059018,0.0,0.010155746658969214,0.018749489788893826,0.034997303285728525,0.03454433886714957,0.029063918099932314,0.0,0.03017417253117273,0.007606710496856518,0.013437293120354191,0.0,0.007774789993939202,0.0,0.0,0.07844908703441981,0.009888515505677695,0.04141989283683252,0.0306873160391738,0.0021107584639787403,0.05914917788235785,0.02783725398375564,2
LFQ intensity D2_9,0.0,0.05809914297547599,0.012218474116704812,0.0,0.0,0.0,0.025358444918966883,0.0,0.019811000895995034,0.0,0.0,0.06085945126629391,0.0011974064891817338,0.03634313364342218,0.01803935353372649,0.013454916891684245,0.07774871343850871,0.0,0.0,0.04832809717640051,0.005056963143974439,0.0,0.0,0.02695190227999305,0.027995804830733818,0.0502648996134986,0.005955052045434242,0.04517362491683001,0.021350344310764765,0.002290727544405241,0.0025699667438024223,0.0,0.03603576661406903,0.018224624618177525,0.04133963075950314,0.029314722988140536,0.02357940447855593,0.015458351940332862,0.021814249746665567,0.00014694501710853423,0.00931047427248161,0.0,0.010272038543947199,0.027419337163605395,0.0,0.0520112037964206,0.012230829665096773,0.03361903886566705,0.03264209464188884,0.0,0.0513150964034691,0.02619876970907339,2
LFQ intensity D3_1,0.0,0.05688682198043728,0.006968854739386708,0.0,0.0,0.0,0.014197849400277188,0.0,0.003959797301342409,0.0,0.0,0.077969881682316,0.0,0.029769709666120074,0.012194383117493199,0.0308585055690536,0.08883862488258204,0.002891517031460258,0.0,0.057104132537945176,0.004984482159528498,0.0,0.0,0.028622894917513207,0.004404188389972807,0.03904563748671108,0.010151955187512718,0.04297641382593597,0.016907511377013868,0.0019955045884757455,0.00857451662401331,0.0,0.014389224209598447,0.02120864672458406,0.03681400916100327,0.03486615825833347,0.03346568599122687,0.0034509028006507875,0.02540334833178361,0.006033307490066687,0.0016389340958833385,0.0,0.015747626396087813,0.0,0.0,0.05447395103509842,0.012932658683988484,0.048628951495951825,0.04141879590753612,0.0,0.06791259672329529,0.042312020229820335,3
LFQ intensity D3_10,0.0,0.05670444840387337,0.0102371742874085,0.0,0.004568105180372007,0.0,0.028971461885624612,0.0,0.013990402349810603,0.0031763494988203715,0.0,0.07211496004506629,0.004293562523412747,0.028625470693929053,0.014909630474345086,0.03264234230156072,0.07807282806455798,0.002505393513507062,0.0,0.05038907408424528,0.01996460460925702,0.0,0.0,0.022261089356022765,0.007593839306643947,0.0,0.011084562914894562,0.041419662067858534,0.015401421214403537,0.0005027295041433381,0.009070183456717841,0.0,0.02591993586890025,0.015347517212733138,0.04455234412704428,0.046039697980130946,0.02734781780170776,0.0,0.024425946793251718,0.003919873728250159,0.018609350140927485,0.0,0.014410098875075085,0.0,0.0,0.06464901155336816,0.00649619486415608,0.04457123546549312,0.03423594362255941,0.0008698492170844072,0.06602454608266821,0.03408134093017458,3
LFQ intensity D3_11,0.0,0.056831814482267914,0.008971920141078189,0.0,0.00425501266145038,0.004685937976487812,0.02041192832870985,0.0,0.012315685547470877,0.0,0.0,0.07517787406190436,0.002785904294757938,0.024965031088726476,0.0167386494369288,0.028195147154354783,0.07059243992781832,0.00284902946731041,0.0,0.045802728359418406,0.0,0.0,0.0,0.026175251744185595,0.012014210971920325,0.008279038093696841,0.0,0.0407017281130384,0.022371356451264538,0.0,0.013158547651288446,0.0,0.025077795051042854,0.013207781074851759,0.04722909573027116,0.037252870875704544,0.029194909211162436,0.0,0.028956650658595873,0.008314915008344009,0.04232559540964801,0.0,0.016738472389279713,0.0,0.0,0.06608334214362191,0.006472821561139295,0.04113278886376469,0.035669352800104685,0.0014809788796833006,0.06646289997091605,0.037120494417791174,3
LFQ intensity D3_2,0.0,0.06342888247607846,0.0,0.0,0.0,0.0,0.04133263440494446,0.0,0.019911822227604757,0.0,0.0,0.09170097184206873,0.0,0.025508628954267774,0.03505847410603036,0.03146655664996349,0.07999873016582468,0.007952448922295269,0.0,0.04857404654246582,0.0,0.0,0.0,0.028180251702983782,0.01649912920968804,0.0,0.013927417326979588,0.046532554806530735,0.012357547712322444,0.0,0.006897955785071239,0.0,0.0152573322036074,0.008385745876819856,0.04523103272371283,0.03018546548744556,0.01941935230745113,0.0,0.024133692634337553,0.01019507636528085,0.0,0.0,0.012518173827808838,0.014966723223661688,0.0,0.058579265967069756,0.014709346648718823,0.042069357882869314,0.04212231959531418,0.0,0.06975296978294605,0.023146092637836457,3
LFQ intensity D3_3,6.094558797365395e-05,0.05857134281689805,0.004164511567656465,0.0,0.0,0.0,0.024362173101708934,0.0,0.009791277510435,0.002175666729264392,0.0,0.08462365335857255,0.0,0.02053339926684629,0.018704259244412387,0.031387284792566666,0.0728728684066863,0.002941064930895935,0.0,0.049129015568440265,0.0,0.0,0.0,0.02702082089550001,0.002222522634682029,0.025379777701554963,0.011580497588649047,0.04076134208903443,0.01352307107692039,3.4905563813716875e-06,0.008721446170951325,0.0,0.019610722803856062,0.016273668862428887,0.0377826554932928,0.03834500616314854,0.03353558702786358,0.0,0.030458132375055423,0.0071574882813442535,0.03185089697050707,0.0,0.014547951076424146,0.003308565057513726,0.0,0.0630596411543274,0.004045460996245312,0.047309808226583705,0.04147699340528048,0.0,0.06320727424428452,0.03949971626581372,3
LFQ intensity D3_4,0.0,0.05625709922669787,0.005146028879659272,0.0,0.030372610444703095,0.0,0.011999309275447827,0.0,0.01133361456044567,0.001201554177615953,0.0,0.06689307352486558,0.0,0.034654081251209175,0.009197442000069396,0.030278691165294743,0.07851840629516262,0.0,0.0,0.05603117719065642,0.01168630409391878,0.0,0.0,0.02451835526682826,0.0,0.0012032413736327795,0.010234563810148076,0.04481668493189456,0.01847801593775748,0.0031797211724074732,0.010104621679335556,0.0,0.02404305812212352,0.01511318433731556,0.03799659216794083,0.039461046612172035,0.030380481498951464,0.0,0.03188260397948779,0.009591424727461112,0.01862224517876227,0.0,0.020420779280476007,0.0,0.0,0.0680257546790339,0.0061859499325670015,0.04649529190057845,0.03707799594592606,0.0,0.056636414704760746,0.041962580674692586,3
LFQ intensity D3_5,0.0,0.05627327119888096,0.0062904289224422465,0.0,0.005246686858813965,0.006138651759250713,0.020453687274590956,0.0,0.00584687908761766,0.0022250022057484138,0.0,0.09682462305011873,0.0,0.021047619927726125,0.0168241614936227,0.033303334990194666,0.08422252253359025,0.0,0.0,0.058428474726350495,0.0,0.0,0.0,0.025141722724875446,0.0036752725434673113,0.013398240573522147,0.0,0.04322663037159239,0.030447350854365524,0.0,0.0,0.0,0.024967884504118163,0.0167018447000146,0.04365463593749926,0.039058964194786716,0.026433725651476527,0.0,0.03306801346115839,0.0085318856489487,0.006209091469191567,0.0,0.016123219297466528,0.0010132439463378042,0.0,0.06845350312215649,0.009091456140709563,0.03936671169205395,0.033664226761587,0.0011844993862993615,0.06232478310766576,0.04113774988175916,3
LFQ intensity D3_6,0.0,0.05396426289766923,0.0039902825447180055,0.0,0.02198493672255035,0.0,0.03210472465888633,0.0,0.012205289025818147,0.0012254552302648877,0.0,0.08601229575333252,0.0,0.025013414060982047,0.00945788567326352,0.03088098826114246,0.07724276318076191,0.003229436202338929,0.0,0.06502516907686515,0.0,0.0,0.0,0.028139232617493383,0.010473189067314703,0.008784836918802963,0.014499063518945261,0.03597408848250094,0.008570757774296568,0.0,0.008580763790346021,0.0,0.014973405000019202,0.018012521795397696,0.042994711581113725,0.02520634852347494,0.023377253589358434,0.005779029258659199,0.021021408155953183,0.00803211551654611,0.0,0.0,0.009446265077421166,0.028537666329237044,0.0,0.06462455443488756,0.01680901517458852,0.041528406060213637,0.03890063385119683,0.001069114351514327,0.0696310555827059,0.03269766025941931,3
LFQ intensity D3_7,0.0,0.05992232261507948,0.0027928320557256674,0.0,0.03281567037041976,0.0,0.023282656534460825,0.0,0.01253449070707812,0.001194966343880968,0.0,0.0665263148263278,0.023461660640121073,0.026407101581226358,0.010709418005029512,0.030112680354607686,0.0780879086817831,0.0,0.0,0.055723971667855206,0.012434715004978688,0.0,0.0,0.02356185087511593,0.007904143702545772,0.0,0.009045416780163157,0.04028589626841731,0.012203093584976147,0.0,0.0121995279083362,0.0,0.015204384557593676,0.016430319997202566,0.03821303080491315,0.03677136399255526,0.0318554415172128,0.0,0.030767816121655547,0.007505066478519671,0.0029234960567182788,0.0,0.015640037325820876,0.0,0.0,0.06877981475896007,0.012598540954163332,0.04366674011750134,0.03730984494883984,0.0,0.0600695312961477,0.04105793256406694,3
LFQ intensity D3_8,0.0002781581395291453,0.05180667883864668,0.005671487427761923,0.0,0.02863773340099104,0.0,0.035520049124082735,0.0,0.017899604052526615,0.0019125431081105074,0.0,0.0852629380964999,0.001474326323242649,0.02805150047727974,0.010949961227852134,0.031142140527262583,0.07698347639610155,0.0,0.0,0.05762900332955612,0.0,0.0,0.0,0.030478272133896023,0.0012087269327923451,0.027248127758648575,0.0059221371193906155,0.04141222735574221,0.01596460194838346,0.0,0.01058768692564181,0.0,0.0004232225457694839,0.017342640714347504,0.04051244847177542,0.02961849550337152,0.028437539216810657,0.0,0.02548631911660589,0.01029694972147979,0.008055174179821772,0.0,0.015019190087136838,0.0017261523728149138,0.0,0.06424481205169788,0.006805695414184904,0.042309841639325316,0.039283272258562624,0.0,0.06591077789135615,0.03848608817100077,3
LFQ intensity D3_9,0.0,0.06382539750658531,0.005919529250682898,0.0,0.01116956650641261,0.0,0.01874536634266966,0.0,0.016617081193115908,0.003204217826176718,0.0,0.07507601119754662,0.0,0.03219171548702655,0.014810205712028257,0.03292873631496395,0.09324349228383672,0.0,0.0,0.06093512592918538,0.0,0.0,0.0,0.021754350979993335,0.0,0.02676518940992891,0.009363583711746217,0.03110866022574165,0.008437562323086747,0.0,0.00914976249606728,0.0,0.015966305897120732,0.016810795216747842,0.04847654343537068,0.015913750514270623,0.03106992297311053,0.0,0.026338419731922236,0.01371579233225565,0.008318757692656964,0.0,0.01738486389930179,0.001713198374738249,0.0,0.07355693110063927,0.01050643833005863,0.043310481534841974,0.037019585987849914,0.0,0.05775121471872347,0.04690144356359683,3
LFQ intensity D4_1,0.010155835668739989,0.05184789828607425,0.006466501997424895,0.0,0.026547143300461165,0.0,0.01971472069225581,0.0,0.008861159453729757,0.0011642850102660952,0.0,0.08243718233724143,0.0,0.014898016516742638,0.004127796293402812,0.031191277254544472,0.06924815950576477,0.01977204271863728,0.0,0.044619415004134674,0.0,0.0,0.0,0.03106329228445791,0.0,0.00800841121250564,0.009515689740243846,0.03493268890158246,0.013019766780877386,0.00025093861910540895,0.00909816236894686,0.0,0.028908495645886857,0.01284976395131968,0.043214680023258116,0.026537213075759906,0.02798916754724761,0.0,0.027406334322747486,0.011854426476792666,0.039595097918059985,0.0,0.019349813569188176,0.0,0.0,0.062430821038259296,0.01485514386900189,0.04402799323653198,0.040556694261664375,0.0,0.06752723962052441,0.03595673149661792,4
LFQ intensity D4_10,0.0,0.06094088723263594,0.008345317011004348,0.0,0.02164595527615955,0.0,0.01758950412058681,0.0,0.013491581373234451,0.0029927463801608153,0.0,0.08614429703660896,0.0,0.022187767995749584,0.02723855455282107,0.031744855037865484,0.0640713259485405,0.009477446251550222,0.0,0.05374054169191725,0.0,0.0,0.0,0.02962003409832294,0.0,0.0,0.005570120221285652,0.03534388377271973,0.015708700045474,0.0012522860916900158,0.004408114548158204,0.0,0.026177929162521818,0.017562801383296273,0.051465298951906636,0.027472767741965835,0.032787986512185105,0.0,0.027995825150159814,0.01402564475099108,0.0,0.012600754123307701,0.013818076612616673,0.0,0.0,0.049774476506404146,0.017935004469292793,0.04209495704639679,0.040856092441803354,0.0,0.06998031978062902,0.04393814668003736,4
LFQ intensity D4_11,0.00032536576132746926,0.062303629164776976,0.010351443426863935,0.0,0.016610975976833142,0.0055176763181583035,0.010210117999539935,0.0,0.001552590509627106,0.009068459252551724,0.0,0.08971752270171204,0.00039007786961646815,0.01958989449212262,0.022521989439277686,0.02871686848356298,0.0797879491076607,0.02173915680051443,0.0,0.04791329685224025,0.0,0.0,0.0,0.03297594475405583,0.0,0.0,0.008921580215894363,0.03874086200024344,0.007536270690241621,0.0,0.013813589472126015,0.0,0.013574720414335452,0.017657637089058355,0.050156542546305055,0.03110016797627905,0.030709216501933458,0.0,0.02635652238150856,0.010698445651052301,0.0,0.0,0.017377642188512718,0.0,0.0,0.057862985851812036,0.009462448260479308,0.05344759319091621,0.04608175028041225,0.0,0.0735582508528429,0.033650815525605116,4
LFQ intensity D4_12,0.001804910263006989,0.05386044671463297,0.007303546844668897,0.0,0.04225555068461041,0.00810543251782757,0.019175862696610948,0.0,0.008970506773213194,0.00972128685328614,0.0,0.08080898067663012,0.004268402117569019,0.018590278829996518,0.0169689188426626,0.028054958395396096,0.06284813722262841,0.003982967534847131,0.0,0.04809842719853221,0.0,0.0,0.0,0.02994707372733157,0.0,0.00744271125831307,0.005902502498745007,0.035756007580477145,0.019539242800775833,0.0011439195514941754,0.01675294761459239,0.0,0.027241987268430596,0.014978537937851115,0.041801936646299276,0.03499841875516152,0.033688749501241046,0.0,0.029198227677188247,0.009739237968085573,0.0,0.0,0.018318260074600256,0.015630715799708022,0.0,0.04562641029978545,0.011050516441226907,0.046388850992999484,0.03911788041619341,0.0,0.06253006631261468,0.03838718471076597,4
LFQ intensity D4_2,0.0013312560989367393,0.062879295484022,0.0028111564605135153,0.0,0.028451241864939296,0.0,0.022028602604384155,0.0,0.009781880976466368,0.0022115603857425473,0.0,0.09088040718747435,0.0,0.029410893076137534,0.017551647242861613,0.009859108340452019,0.06215746940511198,0.0097805990481911,0.0,0.04728498402212388,0.0,0.0,0.0,0.029164532282605533,0.0,0.01052549485288074,0.007885570561661873,0.03638082576850209,0.01321535148576889,0.0,0.007752554484038918,0.0,0.025172530585818465,0.017243955851251543,0.050292231111386275,0.026716913062127763,0.0381129890243008,0.0,0.025256541804435418,0.009295183569402461,0.0058007918390104015,0.0,0.019525447572212716,0.0,0.0,0.06449593404749637,0.007580980167971195,0.049790411756429405,0.04197010034488125,0.0,0.07294054520128787,0.04446101242917264,4
LFQ intensity D4_3,9.079514305964493e-05,0.055316489410558445,0.00785784940124099,0.0,0.026442076047426773,0.0,0.020813760213163505,0.0,0.015888280499857046,0.0,0.0,0.07071003085206215,0.003998044941699563,0.016034235311867897,0.024901797147085406,0.026239173854938447,0.06675162579665375,0.005548805008747199,0.0,0.042618116336335124,0.0003750593534005846,0.0,0.0,0.03233422145208908,0.0,0.0007968124677121611,0.011175364701338678,0.03927322532755193,0.011709729855347942,0.0,0.013684290406473168,0.0,0.02100417885175563,0.01560843374231164,0.044029803292942545,0.03673664009764867,0.031066062381579277,0.0,0.03163357130815705,0.009606553822125457,0.0347952085653136,0.0,0.017465665307012296,0.0,0.0,0.06526942822717903,0.011811920456430538,0.0449376345233809,0.04141827684546676,0.0,0.06906877412116395,0.03298806492892324,4
LFQ intensity D4_4,0.0,0.06158335737294496,0.00361472415246707,0.0,0.02443982357735543,0.0,0.027896322155411296,0.0,0.011111364258224737,0.0,0.0,0.09507938481335806,0.010248079012753783,0.02289745741641587,0.015078163052462491,0.031784089509735006,0.061268151751245586,0.00450832285437645,0.0,0.052905070417383675,0.0,0.0,0.0,0.02581836852505002,0.0,0.0,0.005756405739243254,0.03979572245814193,0.016879369273730963,0.0020672191879828705,0.003618275217748377,0.0,0.009622073061228852,0.01780953816931526,0.04718064300158071,0.035134408728240946,0.03481440185721917,0.0,0.03175402016651625,0.0093637401896101,0.0,0.009233569062101411,0.025780349154256303,0.0,0.0,0.06329108786041876,0.009939068324891158,0.0466330295348495,0.03584601324546527,0.0,0.06822165293610105,0.039026733962173425,4
LFQ intensity D4_5,0.0,0.05791984855459574,0.00443295776281031,0.0,0.026035465251627015,0.0047674281301545406,0.023015621481896443,0.0,0.016789163799558512,0.00037053364220871257,0.0,0.08336457378223895,0.008022688147430828,0.022090305142531432,0.018849600397057416,0.03048500372623103,0.06856016146385607,0.006511893992857763,0.0,0.05091754085539375,0.0,0.0,0.0,0.027447773761706096,0.0,0.0009862869250314033,0.009062085415915112,0.04022711641215352,0.012510475789457276,0.0,0.008470733316904846,0.0,0.02528974483056202,0.01640539461890574,0.04845757268387667,0.035645703598467256,0.03142150121057307,0.0,0.02599618453781231,0.005960125146056567,0.0,0.004155472066937429,0.019823712370068577,0.0,0.0,0.06629216774418807,0.012868521077179595,0.04179039463354263,0.038645068495626246,0.0,0.06930953833640605,0.03710164089818093,4
LFQ intensity D4_6,0.0,0.06002237351217431,0.00630894771983017,0.0,0.02050289916233655,0.0,0.004994143362730365,0.0,0.0107969419991917,0.0006806431275837195,0.0,0.08406754766260968,0.007333972460368854,0.021880111062142105,0.01538171618386078,0.030631501132561044,0.06381298288723879,0.008925981297467182,0.0,0.04325030536305321,0.004947814811484084,0.0,0.0,0.03424349104649485,0.0,0.0011148645762408742,0.00813896409858964,0.04050828742651579,0.012348146040491123,0.0,0.004390340516013852,0.0,0.025132224548432846,0.011426181997917726,0.044514020342793274,0.04134934702421102,0.029520476511927428,0.0,0.02958644356540469,0.008512930370788409,0.036095157682874954,0.0,0.02039028645846872,0.0,0.0,0.06421792872751488,0.01006535013308245,0.04971869224981577,0.04191838022942844,0.0004336230924422106,0.07130443416082281,0.03153254745509565,4
LFQ intensity D4_7,0.002329757120161775,0.05456675905958219,0.01220239846112795,0.0,0.015496258919041026,0.0,0.026837311971084007,0.0,0.01161574548609635,0.00015326452449167572,0.0,0.09181354558595807,0.0,0.018646816756146364,0.026465291479939413,0.0,0.08504368981899359,0.008312668023899059,0.0,0.024891732886471323,0.0,0.0,0.0,0.024732476526277157,0.0,0.0,0.007085890828351593,0.044246003283340295,0.016516874703081132,0.0,0.016079748193538256,0.0,0.011180150607048307,0.019798833340349927,0.053369059932740194,0.03519347298031673,0.030627595641792627,0.010874399530515994,0.02472006414714443,0.004328361399849338,0.00991341178552889,0.0,0.023064606360794347,0.0,0.0,0.06736925898189063,0.025760641987340877,0.04348996132082389,0.04214419380050715,0.0006372298945986499,0.07690856780706735,0.03358395685410947,4
LFQ intensity D4_8,0.0004405475425041551,0.06109303804314275,0.008348602149568696,0.0,0.0,0.005996874524018668,0.01949377854306743,0.0,0.0085454386277429,0.003263854306065278,0.0,0.0868081590927966,0.0,0.02699207268518976,0.0032973817341144015,0.03354160161549373,0.07663154934410521,0.0,0.0,0.03320988930770953,0.0,0.0,0.0,0.030157088105057146,0.0,0.0,0.0016782262525480165,0.048023351304098766,0.028930570349354628,0.004386798086886745,0.0,0.0,0.009064133967713352,0.012768423236154045,0.05068940101018555,0.035455355763155734,0.03619248121751551,0.0040898786098735075,0.029447994809091545,0.003954796711673412,0.0,0.015354500287710121,0.01735464915551181,0.011898012470486533,0.0,0.07320316178638984,0.021219996242393593,0.04421036594556819,0.0383567290045402,0.0,0.07438096649153332,0.04152033167703955,4
LFQ intensity D4_9,0.0010658590816107426,0.059507738674215306,0.010176683454412947,0.0,0.006904468787058763,0.0,0.0324397231581022,0.0,0.016080035145639254,0.0012212757315654575,0.0,0.08122184233885157,0.0,0.027119123715955904,0.0,0.030775666543067914,0.07463370555627112,0.008205718934889005,0.0,0.04148159983994799,0.0,0.0,0.0,0.02701261485790824,0.0,0.0,0.009148488924245348,0.04118295359912022,0.013342167531763089,5.6873197128227074e-05,0.007643972264201933,0.0,0.012091645602611506,0.017303227704039387,0.04875042718166885,0.040067290979857964,0.03485983476397425,0.0026146157723254074,0.023085310387746773,0.004760951212933744,0.025875715525701712,0.0,0.016313867574628608,0.009577384590798002,0.0,0.05047926122460642,0.03223429960897915,0.04491250500527722,0.041342108363230254,0.0,0.06639645061324044,0.04011459255242519,4
LFQ intensity D5_1,0.0005290367864471697,0.06044787109935927,0.007556476435795174,0.0,0.004721716094444928,0.0031859071289887246,0.019085236997402208,0.0,0.00980172264810065,0.0014896903732611118,0.0,0.07785120833845899,0.0069404738725185895,0.010485099578872328,0.016566269435387904,0.029037050228081618,0.053130460973339365,0.014404164901442317,0.0,0.04166729289983984,0.0,0.0,0.0,0.034030972647043384,0.0,0.0,0.0,0.042250176912929274,0.02548855571339428,0.0,0.012003459886481707,0.0,0.02156724794904612,0.015551717491761865,0.046060983367340866,0.0416426338501922,0.03856844050270303,0.0,0.03436240937502393,0.01299045379554809,0.047567536519974,0.0,0.023893736326327054,0.0,0.0,0.03476251968522712,0.010662522564642386,0.05121441778950071,0.03917097125430339,0.0,0.07221845614389541,0.03909311043292494,5
LFQ intensity D5_10,0.0020705994153927855,0.05626592987222933,0.011355010475272202,0.0,0.013350994288285675,0.007158212704656663,0.012283824760925339,0.0,0.012136507397080767,0.008126944426727034,0.0,0.08450958009917575,0.0029600381331513917,0.015722274342742038,0.0,0.02906001810471259,0.05630568419546651,0.02080665488249785,0.0,0.05681827643144929,0.017023241908349,0.0026834240967859675,0.0,0.02466487900257098,0.0,0.0,0.0,0.04053770084459564,0.02502285836462481,0.0018553682159487184,0.009423146147639418,0.0,0.018167501451199337,0.018986381846966667,0.04914414957378518,0.04072105920839596,0.02978879646280141,0.0,0.03282172567536153,0.008876691778794965,0.044034439336968156,0.0,0.024502385069087793,0.001970407996639171,0.0,0.0335791894210531,0.0028462768511262468,0.04563279884805815,0.039848496287177564,0.0,0.06850007186327058,0.03043846021903443,5
LFQ intensity D5_11,0.007493721752253356,0.06057015175750075,0.008555450728863977,0.0,0.0,0.005681323147395136,0.027627071799215017,0.0,0.011487066694500296,0.021876135211468514,0.0,0.079092229479176,0.0,0.015047026061496882,0.0,0.035091528503634686,0.06435159893002369,0.024008515951156578,0.0,0.049878883932383516,0.0,0.002148132291022023,0.0,0.02613402958069368,0.0,0.0,0.0,0.04212912344136617,0.023611921729937896,0.0,0.014949732131025285,0.0,0.01076048666450282,0.010193658947403966,0.04909716957061593,0.028980555552482513,0.03206759844058907,0.0,0.0338710630993909,0.01589280519508328,0.025066771381803944,0.0,0.026422358407372108,0.0,0.0,0.04892738189106085,0.0,0.04650151741786522,0.046995389838439094,0.0,0.06966868091454945,0.035820919555727415,5
LFQ intensity D5_12,0.0040661953756833845,0.0655649674745218,0.012461171707571685,0.0,0.017306072393580337,0.0,0.020222518429614,0.0,0.006676740853691416,0.01782991169604958,0.0,0.0844115656652207,0.0,0.006066802493298166,0.007123471082035002,0.027675219000660257,0.06301020525194455,0.016787608900196222,0.0,0.04082541452734426,0.0,0.003245620070106407,0.0,0.03270543646409679,0.0,0.0,0.0015508140810503853,0.046135014547914084,0.025470496276896865,0.0017294901994231694,0.011344653233151933,0.0,0.005235731519072691,0.016721728371153693,0.05700273016529588,0.043861536227967256,0.03128982848280618,0.0,0.03467471393976784,0.011478217550131634,0.0,0.0,0.0246213804498919,0.02913831463641344,0.0,0.03077588438562226,0.0023940251906679477,0.06081221703176206,0.028384011685965348,0.0,0.08070887593477895,0.030691414704651938,5
LFQ intensity D5_2,0.0,0.0628703631204577,0.009631964502958166,0.0,0.0,0.0,0.032667671926992235,0.0,0.008456382955584507,0.004569489634289178,0.0,0.08802709330803878,0.0,0.007525727642888711,0.01476422869791738,0.039211991837293875,0.05659279170370463,0.004295936667817946,0.0,0.043757863172909923,0.0,0.0027582946476057916,0.0,0.031690422908631395,0.0,0.0,0.0,0.041097783930367636,0.02668277053340999,0.0,0.00910389315498854,0.0,0.02106086833756023,0.01208732375625144,0.05106222964246386,0.037273856760886195,0.03634970484577258,0.0,0.030504742869922958,0.009165167300427742,0.03506305799453169,0.00777554971700313,0.026273343669956446,0.0,0.0,0.04444362467356192,0.0,0.04390621242499674,0.04472549734111105,0.0,0.07946281791072335,0.037141332408974374,5
LFQ intensity D5_3,0.0016076274868423318,0.065219201932095,0.010421659816043052,0.0,0.02851066888117548,0.005417485802225192,0.01487111218360264,0.0,0.01005695256074821,0.014844700507878282,0.0,0.08385432050745051,0.003356476064404289,0.0028515570243926635,0.017853011996507247,0.035023223745775954,0.0536557091866807,0.017053299082245517,0.0,0.03474829348824496,0.0,0.0020698982345897536,0.0,0.025135261127147413,0.0,0.0,0.0,0.04126389926654807,0.02238584325665941,0.0,0.014414372757911182,0.0,0.0,0.013119391278704325,0.04749168116407421,0.03924537116115956,0.03585522622056775,0.0,0.030764381551432237,0.010322969826117231,0.04122929523038027,0.0,0.025314218183536037,0.0,0.0,0.0437557887240047,0.00398896473518465,0.04913306766204062,0.042408375015528306,0.0,0.07380291702240932,0.038953777315692925,5
LFQ intensity D5_4,0.0019470751742374172,0.054080950398961845,0.010439846125702062,0.0,0.008127517174774309,0.012606784540306715,0.024293109872654182,0.0,0.009632847995526616,0.004746732500280465,0.0,0.08526168745881993,0.01099689382716733,0.009329846798122024,0.017094700605899005,0.02845970597997175,0.052045389729415185,0.026007779848882362,0.0,0.046497563251127576,0.000836464114094493,0.0019968114814208006,0.0,0.02376893691022063,0.0,0.0,0.0,0.03752368913142116,0.023600225076264903,0.000650849841394665,0.002679149071878551,0.0,0.02722864761054336,0.019431270713911115,0.04638365506405517,0.037667362246337405,0.030529445952064586,0.0,0.0335646781070248,0.010959058835611246,0.04662175024379074,0.0,0.022486486458804363,0.0,0.0,0.03702505108143966,0.005666801195590104,0.04872959728101109,0.04111967303693645,0.0,0.07000581086646364,0.029956154397872334,5
LFQ intensity D5_5,0.006349560403444478,0.060447585224006894,0.008438625015650358,0.0,0.01730655080543964,0.0,0.017275766568448536,0.0,0.007356282610444273,0.0,0.0,0.08597947737951685,0.01546492855019455,0.009364264077786373,0.016545200567398142,0.031823314829234756,0.05833264744800014,0.009396184593275384,0.0,0.04795356758714908,0.0,0.0,0.0,0.02671503398589147,0.0,0.0,0.0,0.045666000038393266,0.026676663939921453,0.0,0.0029957935773771817,0.0,0.015578424454317244,0.014951419076881692,0.06526996313399837,0.03960042475877579,0.02968156213894568,0.0,0.03326282384931818,0.011102464459817168,0.008458253975817088,0.0,0.02376145082674201,0.0,0.0,0.06191969339188369,0.01654473552841681,0.06763834811902161,0.01189074583059753,0.00044543069711133304,0.07621811654043933,0.02958869601634352,5
LFQ intensity D5_6,0.0018228461422463223,0.05817519206130296,0.010485246114368633,0.0,0.016824651281061826,0.0,0.0090413536823759,0.0,0.0029636702871897905,0.01277234881421971,0.0,0.08840211049182323,0.0,0.012461161312591569,0.013127262714904803,0.030937197170509047,0.05483183812873342,0.015801737832862758,0.0,0.06248091467202127,0.0,0.0,0.0,0.02767769850656144,0.0,0.0,0.0,0.04435169771230285,0.02630946011152065,0.0,0.011244029844511408,0.0,0.0312558779366307,0.017085988689919854,0.05549554838431624,0.041819996424485216,0.03567046047680608,0.0,0.0346275855985507,0.010010862202691425,0.0,0.0,0.01876557975275837,0.012820014371875924,0.0,0.046169613310745844,0.008019672198647668,0.054892660882763324,0.020937308493531818,0.0,0.07630639309346975,0.036412021301699384,5
LFQ intensity D5_7,0.0016342715166034838,0.06501628693487274,0.009815662132566343,0.0,0.005006364182059333,0.0,0.027708301550111118,0.0,0.009415300508217789,0.002995863569548804,0.0,0.08591048926059384,0.014548389096300648,0.004516670580791028,0.023961934985221697,0.033202454796198315,0.06163573513011482,0.007602249552880044,0.0,0.04589558342321685,0.0,0.0021601391107039986,0.0,0.033548698396181874,0.0,0.003589037630940211,0.0,0.04269245736617719,0.02640954513021145,0.0021641430089510507,0.009983322720909724,0.0,0.0,0.01429381499743057,0.04999887434982946,0.041311081802378614,0.036126743996698976,0.0,0.03163348790746246,0.009070340292064764,0.0,0.0,0.027784735320660208,0.008815847196343268,0.0,0.047919068302992654,0.002654907674000811,0.04829985912725076,0.048567633615582466,0.0,0.07361408324884504,0.04049662158508749,5
LFQ intensity D5_8,0.0036453612392894665,0.06602266942012551,0.002122072352924616,0.0,0.004928594144978893,0.0019470631603976413,0.02342171515314217,0.0,0.0098489256060102,0.010878475474739469,0.0,0.08720034250804806,0.0,0.007564450540959339,0.00908377131142855,0.04493370756379077,0.05649405030055796,0.017919565931597013,0.0,0.04131801439446338,0.0,0.002126583002392785,0.0,0.03887714936028111,0.0,0.0,0.0,0.04295236067905316,0.025782170080273753,0.0,0.005112497892951268,0.0,0.017147780891843486,0.014175414037260397,0.047759216305250686,0.04089381536644113,0.03525534494505559,0.0,0.034088264388610956,0.00819788900384237,0.027668909395466564,0.0,0.025511397524571818,0.0,0.0,0.046248159992781465,0.0010688416476412146,0.04738851181028872,0.04583208697384421,0.0,0.06929354136911658,0.03729128623057983,5
LFQ intensity D5_9,0.001851210276888573,0.05719551074617536,0.013288762443590304,0.0,0.01680734371691917,0.007573944198182187,0.01614272527799034,0.0,0.006855072838447843,0.006178007984642806,0.0,0.09202565732626881,0.0,0.03004711457926387,0.0,0.030905371992353617,0.06752351428261849,0.01939965815527285,0.0,0.04295612200788292,0.0,0.006575165001588249,0.0,0.0335314034149631,0.0,0.0,0.0,0.042594326591166506,0.028385982931197564,0.0013343614209603734,0.014179475198701441,0.0,0.01701245341212066,0.021217666407211944,0.05457361047607006,0.04120172460735136,0.03207473364922396,0.0,0.03205584550014136,0.009555784822895966,0.0,0.008039270595314806,0.025227043439585983,0.0,0.0,0.03669140675866068,0.0,0.05317123812011699,0.030670679321579797,0.0,0.0689023593573953,0.034255453147257,5
LFQ intensity D6_1,0.0038498463613373564,0.06180871399423745,0.013576951447040561,0.0,0.005267926658142632,0.008529433952942235,0.023205020949286122,0.0,0.009513400276538445,0.01863364115833348,0.0,0.08075267069137816,0.0,0.004287624760261842,0.010510026432266475,0.030688555897292268,0.05867146033486687,0.02175947565087317,0.0,0.044815246453597135,0.0,0.0007431169039241023,0.0,0.032172963305197595,0.0,0.0,0.0,0.045728788691419504,0.03243971459949894,0.0031194892104999213,0.011791242762489995,0.0,0.021535634003699466,0.017530084705968067,0.05329256724626046,0.044244007602229476,0.028134376681877352,0.0,0.035627953362104475,0.01302443305479264,0.0,0.0,0.02535988819358995,0.011164658231699367,0.0,0.03327963214685687,0.0016634786746541133,0.048867501545727283,0.044699948468673645,0.0,0.0683060528639312,0.031404472726511395,6
LFQ intensity D6_10,0.0006919541363283025,0.06495690910817432,0.013342713224912126,0.0,0.016826117088283733,0.0,0.016994968132182587,0.0,0.012912634529457246,0.017418957654882588,0.0,0.08030378553777064,0.0,0.010452616274638891,0.01392447986250327,0.03093989249930254,0.053203345899492466,0.015391087988595011,0.0,0.03824980504624763,0.0,0.0,0.0,0.02617253604141351,0.0,0.0,0.0,0.04464880046264878,0.03122992009114081,0.0028825128585095753,0.0076847622387346695,0.0,0.027333990690183184,0.017681007636189,0.05097182120320383,0.04602983287637716,0.028292724979868372,0.0,0.027545635452723632,0.007759483314519268,0.019887345361134547,0.0,0.028039765179885018,0.0,0.0,0.045869521077880004,0.009394593745649674,0.05545156979351469,0.04084765461228008,0.0,0.06515050332576976,0.03151675207560317,6
LFQ intensity D6_11,0.006704985711409916,0.05770896963799579,0.009720858738459046,0.0,0.0,0.005533279505440621,0.015610088418353155,0.0,0.009426334679593387,0.008446826119121807,0.0,0.08112657837702247,0.0,0.01591927256216322,0.0,0.032548903018334095,0.05953484630411159,0.016333643555892688,0.0,0.04446897701686442,0.0,0.00207871612592334,0.0,0.02873188339621671,0.0,0.0,0.0,0.043084010896515874,0.027904738922823125,0.0036940965798627603,0.008733361777237018,0.0,0.024418916533569215,0.014738669039555993,0.04906823940944989,0.042521031377894036,0.029730207174957876,0.0,0.03554307500978826,0.011108985354072114,0.042617969978705025,0.0,0.027112914264780366,0.0,0.0,0.04432467120691723,0.010475390061568307,0.048815473473919145,0.04276142471873363,0.0,0.06600321235053543,0.03344944870221254,6
LFQ intensity D6_12,0.0,0.05763772890054079,0.01000151327479569,0.0,0.015767888786648903,0.008852338276102188,0.006374174030945317,0.0,0.010421314228918956,0.015605666656041961,0.0,0.07377407178304378,0.0,0.011148527370964407,0.0,0.03327281847230942,0.06946667287262963,0.025659914680973606,0.0,0.0374849646699955,0.0030701979730672867,0.005313417345377571,0.0,0.03294742111760713,0.0,0.0,0.0,0.05012400424393716,0.037487867733229534,0.004259949037286821,0.008343727803764016,0.0,0.0,0.021908865695859356,0.06286351350167876,0.04899925597415418,0.03418048151741389,0.0,0.03228103353148663,0.009601983359972224,0.0,0.0,0.030280011346606506,0.015429119671355017,0.0,0.03217856868825122,0.007458108136813759,0.0671628152336591,0.008841143284185723,0.0,0.07571535226571686,0.036085568534667344,6
LFQ intensity D6_2,0.0,0.06133165336788574,0.011029526320556005,0.0,0.0,0.011889144691839432,0.01180902713754755,0.0,0.01369864695453981,0.018683841682953332,0.0,0.0804621279027703,0.0,0.006124088436549435,0.01523325144269908,0.03140445782436037,0.05398254564131353,0.025891998515931512,0.0,0.05295250340242322,0.0,0.0022034233943108595,0.0,0.028129109013072195,0.0,0.0,0.002021550243872085,0.04757862165847588,0.029219905067849553,0.005190334171251288,0.014408457240357964,0.0,0.02589684590681201,0.013722988648271858,0.05234470353990096,0.03279377470825192,0.03118397983433408,0.0,0.026786469596558823,0.009897280391020759,0.0,0.0,0.029068368146448094,0.0,0.0,0.05151104905378078,0.0012030928625315098,0.05678578550090576,0.04181384545261709,0.001521505872083649,0.06829451258875771,0.03393158378716583,6
LFQ intensity D6_3,0.004401932592378087,0.06117085508602239,0.010103566716779347,0.0,0.0,0.008649861351775633,0.016682201755295258,0.0,0.016357703702925594,0.014974516603564778,0.0,0.08814369331201646,0.0,0.004471763926141717,0.0039241756084573065,0.020314670958907526,0.06451498412533833,0.023265452146972516,0.0,0.04859264047893399,0.0,0.007999633506001236,0.0,0.03550534021708987,0.0,0.0,0.0,0.04239264310401345,0.023606061409336753,0.0,0.007477984748246238,0.0,0.01811666797261295,0.01577519313826225,0.05482801011296409,0.041749797361045775,0.03787052580941762,0.0,0.025898905259624263,0.008828369228682968,0.01935222726138067,0.0,0.031176791001629227,0.0,0.0,0.03796266163461896,0.009128784993001116,0.044019596154580475,0.04051447830429424,0.0,0.07231961859112568,0.03990869182656337,6
LFQ intensity D6_4,0.0014775144082756304,0.06343707500889377,0.012742808566714961,0.0,0.007766513850463496,0.005649159539831913,0.02238570518282474,0.0,0.008149881064434756,0.0030712803907970835,0.0,0.08428834852993398,0.0,0.010915792472739575,0.011749322748717405,0.03156258020652388,0.056906508150990194,0.01841417413911749,0.0,0.054550368829802375,0.0,0.002214517696844948,0.0,0.033966048666090425,0.0,0.00965762836352321,0.0,0.0468361808987216,0.030217083478822952,0.0,0.004491840727518243,0.0,0.024770793230508868,0.01724875173306546,0.05845581980651289,0.03857105669499746,0.03134303608360612,0.0,0.03497390520239093,0.012729602899940684,0.0,0.0,0.023450359205701314,0.0,0.0,0.040339636723914815,0.005161758334470296,0.05216958318077892,0.030836414725105635,0.0,0.07897978959877121,0.030519159658652838,6
LFQ intensity D6_5,0.004115622183068762,0.06296732953868894,0.01114505650211338,0.0,0.0,0.005692538964936998,0.01613837998355159,0.0,0.01322384530977345,0.017363909165191135,0.0,0.08353306023049732,0.0,0.012217572397142733,0.016912903625133993,0.03866136112597278,0.052149703782176406,0.01840197954814958,0.0,0.03413634998112965,0.0,0.0021112267986471045,0.0,0.029765416078621282,0.0,0.0,0.0,0.040919539305933644,0.0251338788934426,0.0013400948362504944,0.009757269040445412,0.0,0.0012337840274051237,0.01201829070897442,0.0490602266148657,0.04397500856842899,0.03533886275199554,0.0,0.03379890419876792,0.011238050990954374,0.02855874309498353,0.012242633795414968,0.028863163395454822,0.0,0.0,0.0374494732328565,0.004397334631144425,0.05067498830636392,0.04386153233287632,0.0,0.07371455532353367,0.03788741073511252,6
LFQ intensity D6_6,0.0,0.06335829776183134,0.002392902147128874,0.0,0.004974005486210039,0.015350038293135715,0.019113051240758676,0.0,0.011374456387288706,0.01911906357543207,0.0,0.08055050450908378,0.0,0.0021494268149565253,0.011821221578414426,0.03831230098230493,0.04881714326701078,0.02948310067136707,0.0,0.02931608320715365,0.0,0.0011057415174795234,0.0,0.030275437845368645,0.0,0.0,0.0,0.04907705829616105,0.02908998986644495,0.0,0.008623476701456297,0.0,0.0,0.013944158579085257,0.05311824636207878,0.044605376829168056,0.03697578214045706,3.6372869155123114e-05,0.02758798907795177,0.005967666358004603,0.0,0.0,0.03374262749171843,0.017620039225880086,0.0,0.04943505592515296,0.011148357709981651,0.05195920317145122,0.045625413601698785,0.0,0.07668830163072375,0.03724210887850559,6
LFQ intensity D6_7,0.0008555923903228945,0.06534214814252068,0.009041078977939146,0.0,0.0053904026747883735,0.012012903416653193,0.014662391644021246,0.0,0.013513126092638076,0.01075096983516136,0.0,0.08836943269345994,0.0,0.008271155537759806,0.0175937654645692,0.02882912697680749,0.04929943065528809,0.01696209418200394,0.0,0.036709347531776605,0.0,0.0018101781422169923,0.0,0.02799235484956829,0.0,0.003968058951922214,0.0,0.04585998038837778,0.03173064983434859,0.0024471478387312006,0.006911967348720323,0.0,0.022543133865670594,0.014171700636075674,0.05131333426455381,0.04767791480546418,0.03607167750558481,0.0,0.030196346714365534,0.007407161758988633,0.0,0.0,0.033379788151945054,0.0,0.0,0.039835791020628626,0.0,0.05641510025694246,0.04745809065593043,0.0,0.07269424728575272,0.04251240950850211,6
LFQ intensity D6_8,0.0007317880548002668,0.06887152841145681,0.011956145156335706,0.0,0.0,0.0061581049803879255,0.025798617161739732,0.0,0.009767358368646612,0.01662760035833361,0.0,0.08702900016777104,0.0,0.0189348125046975,0.0,0.0,0.06732044305615412,0.020691439656535034,0.0,0.026686378656606075,0.0,0.0,0.0,0.03221093199840929,0.0,0.0,0.0,0.049264907606256785,0.03549059243577623,0.0038676452571655695,0.014064587430322645,0.0,0.023748859201822743,0.018619206120493847,0.06680807429301046,0.05333091939944614,0.032230995266449555,0.0,0.0336296617201139,0.009591380074162792,0.0,0.0,0.027356426316379388,0.0,0.0,0.033865709743845215,0.010186480516833147,0.0608836863259109,0.023816468818797187,0.0,0.07753048746487573,0.03292976347646395,6
LFQ intensity D6_9,0.0022451636105721893,0.058995109146401034,0.013711401366544926,0.0,0.017604406414996943,0.006105491144145058,0.018944744795129812,0.0,0.011361119958845412,0.003149947007875063,0.0,0.08644727848559987,0.0,0.024165162672593228,0.0,0.0323710122267784,0.06551730700732858,0.011037493943853054,0.0,0.04872711766569311,0.0,0.002271239517552739,0.0,0.026299041908996585,0.0,0.0,0.0037126954339111503,0.04656321084211657,0.02535046286614008,0.00481805536782016,0.003685090028383789,0.0,0.021091991684039475,0.02060718527072606,0.06463434391811781,0.04353762453729736,0.032364970683038105,0.0,0.024620134425058386,0.007867685239771868,0.0,0.0,0.029734365617320586,0.0,0.0,0.03659189090707185,0.013151012796207727,0.0673501826519067,0.01802745584075243,0.0,0.07166499673243369,0.035673608284980285,6
LFQ intensity D7_1,0.006521617824468166,0.05760964034146977,0.006958635015403971,0.0,0.0,0.010577918280520411,0.022559332558780832,0.0,0.009413363082186094,0.01396639252095838,0.0,0.07817169161610078,0.0,0.010227286437559786,0.0,0.029786880325134588,0.05853561723694368,0.026344437397749342,0.0,0.016208084784468575,0.0,0.007821081810029978,0.0,0.03921702994749273,0.0,0.0,0.009815749733483316,0.0640202634137547,0.026038580653729784,0.0,0.014921392631791102,0.0,0.0032127677144656143,0.016123474535089263,0.06036397185911149,0.03972843056636831,0.03332252583833831,0.0028209508734954843,0.02912141151259667,0.008967966909051002,0.024212033364153205,0.0,0.02108594854889497,0.0,0.0,0.030590409812055346,0.0071019221231360214,0.04822271823226722,0.04424631281653298,0.0,0.09247841657697602,0.029685743105442086,7
LFQ intensity D7_2,0.010123685984820328,0.06284961682803253,0.008228369087243254,0.0,0.0,0.005895463909812637,0.013568080317067367,0.0,0.00993821028553837,0.005208080317079743,0.0,0.07693043793169142,0.0,0.010804164836759288,0.0,0.02361095086141774,0.06246975391653966,0.008469679864756892,0.0,0.03388818536452324,0.0,0.008265712901790706,0.0,0.033673637355368116,0.0,0.0,0.00597588958095936,0.054007772236957435,0.022694658051229374,0.0,0.011912026656070907,0.0,0.03143557637259635,0.014584384396192997,0.06216599456178254,0.04612518653097945,0.02877278632967407,0.0,0.028973400260722842,0.008303491282995585,0.029920414347590924,0.008051191881873612,0.020595168611782934,0.0,0.0,0.04502783719751691,0.011190339336391077,0.04710993556538134,0.04324631889206498,0.0,0.0780843363639011,0.027899261780894982,7
LFQ intensity D7_3,0.005394110089312716,0.06396402703863177,0.01054954470247692,0.0,0.0,0.007173541728033845,0.017989789615544795,0.0,0.009789259311774923,0.0037205258147260264,0.0,0.08359819199573609,0.0,0.0,0.006232880011428405,0.013230401534227495,0.059112143206555175,0.03347511569920143,0.0,0.022332162611375935,0.0,0.008585898108978406,0.0,0.035553544344109136,0.0,0.0,0.0,0.049123348352351284,0.029804850082557937,0.0012620886834305064,0.011768251179641576,0.0,0.0066321904154776345,0.015771597650202192,0.07141991221798778,0.05061819108948218,0.030186130608368313,0.0,0.032307778736291884,0.009034438915906643,0.04175266752674655,0.0,0.029477130145909688,0.0,0.0,0.03558943600190331,0.00978775178521504,0.04439826643384981,0.03723125967640121,0.0,0.08244762879963635,0.030685945886526962,7
LFQ intensity D7_4,0.0023712501963181307,0.06269197342289866,0.009942153927969358,0.0,0.0,0.005945101446094927,0.011023493635485946,0.0,0.0070803674513583255,0.011153846329979811,0.0,0.08181539071522244,0.0,0.018536614086935882,0.0,0.028566708027779178,0.052021265116803245,0.02187315479722033,0.0,0.044159588212380356,0.0,0.0,0.0,0.03332792106502912,0.0,0.0,0.0033608660479905665,0.0491499609184376,0.02991428112770074,0.004019871724715762,0.01507053679067713,0.0,0.032464635635558174,0.01434448157252688,0.05554544351221504,0.04532464090648923,0.02975746977127113,0.0,0.03565315890290687,0.008297143880372471,0.0,0.0,0.02660149943208489,0.0,0.0,0.033409084035992034,0.012947129911106879,0.05463595589607208,0.04594875389779368,0.0,0.08387746156625814,0.029168796038355076,7
LFQ intensity D7_5,0.0031847798770707,0.0653441534881679,0.010764366825596656,0.0,0.0,0.006327736634354663,0.02885367792655068,0.0,0.007014621492976016,0.0031780966311993454,0.0,0.08300299831772215,0.0,0.01339524359115222,0.0,0.0,0.056677426576897255,0.013905170396445742,0.0,0.0433291692377737,0.0,0.0022915365373878237,0.0,0.030773545407407937,0.0,0.0,0.0,0.054964083553365226,0.03235040724894006,0.00015783864057524935,0.00574327606759977,0.0,0.04105991719763866,0.012316252635131529,0.05822323008801018,0.04330267726414175,0.026494652625639614,0.0,0.03803147783780814,0.015603952693281119,0.030215249860512446,0.0,0.026423827058166306,0.0,0.0,0.04279844090413415,0.003806718998806719,0.05179541258176404,0.04517915458893192,0.0,0.0766441331342493,0.02684677408060099,7
LFQ intensity D8_1,0.0,0.06493321478927053,0.009512457255486604,0.0,0.0,0.008328216980324743,0.020855404481205524,0.0,0.0055327342250124775,0.006254060932206047,0.0,0.08687426145545277,0.0,0.010992848807810906,0.0,0.0,0.055161605920742346,0.026995994484811926,0.0,0.04139718833098178,0.0,0.0017742884938226598,0.0,0.03279321716325411,0.0,0.0,0.0,0.059237828526242285,0.035036626841087784,0.0,0.009626151032948765,0.0,0.03761188397317618,0.016559532978903037,0.06582010170370027,0.051971017301844995,0.03335218072542077,0.0,0.035924858747901744,0.0101798103459745,0.0,0.0,0.025871025142999545,0.002082079105598383,0.0,0.026500498294384375,0.0,0.047250844955565696,0.04368927172092804,0.0,0.09574313509747213,0.032137660185468965,8
LFQ intensity D8_2,0.011158577691609078,0.06336293376164433,0.014932437519039485,0.0,0.0,0.0,0.004606193404721488,0.0,0.0,0.0,0.0,0.07289137641503518,0.0,0.004728750775935531,0.023015548039715374,0.02985472706346185,0.04353621998450157,0.018907258377374656,0.0,0.04644620616845827,0.0,0.008158334816961335,0.0,0.04451183697034321,0.0,0.0,0.0007280379564335536,0.07245966395787388,0.03874725123853022,0.0,0.014977556766071355,0.0,0.029996172312483353,0.014782889174008098,0.06994541462925591,0.04553838053837466,0.0256032566901276,0.0,0.030801270146119865,0.004498706157135957,0.029940957823631667,0.0,0.013617278668417375,0.0,0.0,0.047333923857952986,0.007395927597752253,0.03458419893014441,0.03589815983126075,0.0,0.06621206978755238,0.030828482948072437,8
LFQ intensity D8_3,0.007439637703257054,0.08405778899716039,0.0,0.0,0.0,0.01569572881396584,0.026192020270317348,0.0,0.01508756270809061,0.0,0.0,0.06934756248390089,0.0,0.0012650304825833768,0.005891507981076493,0.0020197545726640185,0.06607141505399944,0.030734833696711424,0.0,0.047327694502001326,0.0,0.008025091703526466,0.0,0.03778557891687305,0.0,0.0,0.01278191919489508,0.05780984593313283,0.02806670186681931,0.0,0.01347395305326562,0.0,0.029698070220522867,0.011684067474099478,0.06915924184168556,0.045987487936816326,0.025884976700535033,0.0021536670064488624,0.02955152704160628,0.007110058571609949,0.0,0.0,0.022490872167273426,0.0,0.0,0.029157307360049536,0.007274549522545642,0.04744813795760398,0.03983687958344608,0.0,0.0830370717252325,0.02045245695628405,8
LFQ intensity D8_4,0.009170263689822133,0.05709585723406283,0.006724262804483232,0.0,0.0,0.01160795399967355,0.011478682984595489,0.0,0.006641355592074537,0.0038379137942672124,0.0,0.08015287166207892,0.0,0.003879568542277747,0.0,0.0219809213655698,0.06409049916939112,0.015332783203839592,0.0,0.05695962097083057,0.0,0.0076108490368352495,0.0,0.03265179653856317,0.0,0.0,0.0,0.061602316363892934,0.027643160283857864,0.0,0.009340924005798905,0.0,0.03869656194686638,0.015074968267843098,0.06218199800963716,0.04615343648359894,0.030986508123087217,0.0,0.02915791353026517,0.00781067080880635,0.01978483612387613,0.0,0.024934188351437903,0.0,0.0,0.032804692169697586,0.004192509228896695,0.044032866405944025,0.043681241144959235,0.0,0.08391408541777602,0.028791922745393272,8
LFQ intensity D8_5,0.013577518444522676,0.05440172927677879,0.010740920753384824,0.0,0.0,0.010937685748573345,0.021112561130097317,0.0,0.003999677231525616,0.004398406411618791,0.0,0.08049891300661582,0.0,0.0010761127401911227,0.00743285826995359,0.02897182224201375,0.05044615308001199,0.030213456759284135,0.0,0.031317399091639504,0.0,0.0,0.0,0.034491929991304376,0.0,0.0,0.0009719592601588817,0.0511642185912625,0.02801418432425847,0.0,0.005154055756852888,0.0,0.01875801164560297,0.016004206674990955,0.069608177330889,0.04368923252470665,0.03232256109443091,0.0,0.03339895365976279,0.011083253992488057,0.05542573811630192,0.0,0.0226816595439126,0.0,0.0,0.026219786714840335,0.0045078010047155115,0.038066380259642395,0.035593564469903534,0.0,0.09241890340730519,0.03130020745045889,8
LFQ intensity D8_6,0.0046899321214166675,0.08227845935353303,0.0,0.0,0.0,0.015700862085626342,0.028820027814622066,0.0,0.012045998710981654,0.01112780674004675,0.0,0.08653365387928443,0.0,0.02099234067145962,0.0,0.0,0.05023479267918735,0.0077539762690665434,0.0,0.04864297252804475,0.0,0.012042407164578682,0.0,0.027952571700501732,0.0,0.0,0.0015487108558716565,0.0594871924836948,0.030288258054570805,0.0,0.009083665539811691,0.0,0.03767925676801074,0.010816228472292055,0.06200709225102432,0.04775791165106658,0.02622358340065749,0.0,0.03127960642921372,0.011410733161304035,0.0,0.0,0.01774940992730528,0.004767990683578554,0.0,0.03857414517368728,0.0032738953268179696,0.048196739586544815,0.044452494274503276,0.0,0.08573778569307243,0.020849498548622867,8
LFQ intensity D8_7,0.006722006600462175,0.060893638186433854,0.010474491001621974,0.0,0.0,0.006063017346402025,0.02471488253661833,0.0,0.009283840185758764,0.0024450120857977546,0.0,0.08201646916114692,0.0,0.01009899570374307,0.0,0.0,0.06985516176650414,0.02140051242856503,0.0,0.024784452588300983,0.0,0.005573853950238527,0.0,0.029002920209440394,0.0,0.0,0.0,0.06058044155211173,0.02768999258637566,0.0,0.0138956861735294,0.0,0.022207198667115548,0.012435854156026233,0.07032320511257971,0.04547224137508562,0.02897328647221129,0.0,0.02952855051987779,0.012032824244604503,0.05562729310137558,0.0,0.022658829730365343,0.0,0.0,0.030631723911035885,0.010132744608754778,0.03806768430760333,0.04080892993991363,0.0,0.08974577981353415,0.025858479976865897,8
LFQ intensity D9_1,0.0,0.06191147949630559,0.007138870986610532,0.0,0.0,0.014701090896562241,0.010303254837238707,0.0,0.00978239843934872,0.0,0.0,0.08456774675808333,0.0,0.0,0.0,0.026515699239533324,0.057129816243819916,0.009029048445076238,0.0,0.052704028868338325,0.0,0.004707048270835422,0.0,0.03535781776568835,0.0,0.0,0.0,0.05119547698594842,0.036401591729664444,0.0023098407413360486,0.004238519116118336,0.0,0.042422540246707385,0.014153165607784636,0.06858539027166262,0.040620274867953284,0.02886084415344593,0.0,0.031569523624421336,0.007576389316306877,0.026854160561081718,0.0,0.03561907037339891,0.0,0.0,0.03954612346528187,0.0,0.04045639879978205,0.038659796743448514,0.0,0.08876946578877641,0.02831312735944064,9
LFQ intensity D9_10,8.766907529334879e-05,0.05841070471226817,0.009704800294235478,0.0,0.0,0.012399874434543549,0.01930539850304541,0.0,0.019130029689723,0.0010893183285382714,0.0,0.08910417602942475,0.0,0.01164717374836145,0.0017164608451581368,0.03391600888904731,0.04155977531072124,0.023910136108379818,0.0,0.03313751334122994,0.0,0.008649650694921485,0.0,0.03216685208576626,0.0,0.0,0.0,0.05508113673642016,0.03251530032322066,0.000367502232269562,0.009386890035721395,0.0,0.022011496305394847,0.013054728162008665,0.05972079385701604,0.04637423216247832,0.026686473241390545,0.0,0.03738343907097409,0.011029587012776315,0.026064505792547116,0.0,0.03519092329758508,0.0,0.0,0.03463641205409804,0.003855894889900303,0.04281417815195977,0.03756989645854073,0.0,0.08275619142843108,0.027564876696609484,9
LFQ intensity D9_11,0.0,0.06226687038976497,0.009605721050200456,0.0,0.0,0.012672479431429177,0.007963726331512055,0.0,0.012684708057256607,0.008668566531539044,0.0,0.05332065291369865,0.0,0.0071678996173668375,0.0,0.0,0.05437443517222097,0.013755530788041996,0.0,0.0713569787465288,0.0,0.00852911714296441,0.0,0.027037270776696105,0.0,0.0,0.0,0.05580739111638115,0.034423976408686205,0.0033726822393601963,0.009432264239616713,0.0,0.07083524501291731,0.012868585137753076,0.06687085007556397,0.047650030399264,0.027847295105311747,0.0,0.03980431462340433,0.011783685376812732,0.0,0.0,0.03300098533961691,0.0,0.0,0.03609352238473704,0.0,0.04591726583351639,0.042518243363981474,0.0,0.08468102691699546,0.02768867947686123,9
LFQ intensity D9_12,0.0,0.053327397265802566,0.01010232877947355,0.0,0.0,0.014140860094508226,0.005416908575799858,0.0,0.014481493648724445,0.0016637087868434774,0.0,0.08397881486599991,0.0,0.008158481724780644,0.0,0.017178340865024497,0.05199514822771964,0.013179846724048908,0.0,0.06556189292852285,0.0,0.006480385704575378,0.0,0.03277648175051004,0.0,0.0,0.0,0.054699921530185665,0.03252981156211024,0.001858072541162383,0.009520942618813009,0.0,0.059879314143236176,0.01451983325634535,0.06439166507004244,0.0459589275469364,0.028955498741106526,0.0,0.037330426651593064,0.010529954240108956,0.0,0.0,0.030320720379893834,0.0,0.0,0.033960090738277694,0.0,0.042952892081705746,0.03983252863275343,0.0,0.08542583143414816,0.028891478889247008,9
LFQ intensity D9_2,0.0,0.09237618317636265,0.0,0.0,0.0,0.0,0.013472910986138968,0.0,0.01618682836415976,0.0037171168897924727,0.0,0.04371131554067424,0.0,0.013023882306484474,0.0,0.015929604391855867,0.044620691266908395,0.007585600012418221,0.0,0.04363174873283349,0.0,0.0,0.0,0.03756630776527067,0.0,0.0,0.0,0.07136161142042236,0.03934963495298997,0.0,0.018357367363129058,0.0,0.03845496193400464,0.0,0.0740324176138386,0.04635686859158989,0.018735480759078674,0.0,0.041855602415454066,0.01555710133208461,0.03182248971694694,0.0,0.028691326231515983,0.0,0.0,0.037669235313735484,0.0,0.0499510859127206,0.043893594180126345,0.0,0.09796596173538838,0.014123071094075146,9
LFQ intensity D9_3,0.0,0.06629175397152859,0.009076128631626785,0.0,0.0,0.013748401634437276,0.029554085821668755,0.0,0.015066936107198252,0.002242378405358528,0.0,0.07905526563721531,0.0,0.0,0.0,0.021955112982603074,0.044996900502182274,0.017110765586235196,0.0,0.05112171096837222,0.0,0.008573207758794226,0.0,0.02761649638982738,0.0,0.0,0.0,0.056032981456800926,0.03046525534222276,0.0,0.011302564340733661,0.0,0.04088360434601366,0.009487594561611658,0.06669170308684762,0.039297131143594025,0.027657834356119893,0.006027599375126426,0.03079190015772631,0.00777529007106848,0.0268690588693574,0.0,0.03189664659739296,0.0,0.0,0.025475500613609363,0.0,0.0389197385467872,0.03857907890526229,0.0,0.1013843806662238,0.024052993166453904,9
LFQ intensity D9_4,0.0011828775613831881,0.07194683102565506,0.009734670073726873,0.0,0.0,0.0,0.02461183967777999,0.0,0.019279786748966576,0.009295408347747692,0.0,0.051868166684802264,0.0,0.0,0.0034341177923762323,0.022756402407471017,0.04546139785779195,0.017720762968585782,0.0,0.04113317314063749,0.0,0.0022826374756022712,0.0,0.026698421329494872,0.0,0.0,0.0,0.05967352907512998,0.039238650583996934,0.0,0.00559738949802422,0.0,0.024376686907840752,0.01002230326620869,0.07907674228589635,0.04721511527873416,0.030057703043015235,0.0,0.04138263335207721,0.012734184031511863,0.02859114812196344,0.0,0.034620061861096334,0.0,0.0,0.02775322158246601,0.0,0.04794678354176853,0.040073451244145866,0.0,0.09723332256902632,0.027000580665076858,9
LFQ intensity D9_5,0.0006788553241979339,0.0638011288771258,0.009683915585259233,0.0,0.0,0.013883583352688243,0.011150394727142058,0.0,0.014471806234345179,0.008953432118159311,0.0,0.05680140015404387,0.0,0.0,0.004731640218596532,0.021730347101432856,0.05121985492185262,0.006057673759351612,0.0,0.04773603613387848,0.0,0.0010669370589979255,0.0,0.034857082270841604,0.0,0.0,9.79412512721358e-05,0.05471439295557065,0.033283816863305477,0.0041461634201970035,0.01608812097745471,0.0,0.04715532070735601,0.014545120007622243,0.07170463843598504,0.04903668910306864,0.02579279026310001,0.0,0.038884080214801546,0.00895056799802275,0.028075481759412536,0.0,0.031611749232594785,0.0,0.0,0.041703230967053036,0.0,0.042296346741923556,0.03954874969281344,0.0,0.07623397682766582,0.02930673474286742,9
LFQ intensity D9_6,0.00778065416353947,0.06672371525456214,0.011418653369966997,0.0,0.0,0.012223773186982102,0.02321991727461976,0.0,0.012955039599706694,0.012790168073116054,0.0,0.08059187924248869,0.0,0.0,0.0023410808175775883,0.018608658874543244,0.051961673578111545,0.015855848689342398,0.0,0.008996098682138527,0.0,0.006955260427734322,0.0,0.027643474786148488,0.0,0.0,0.0010183380667000005,0.05079253531253053,0.02592428711122409,0.002194603515259721,0.005896951354769234,0.0,0.0067905313732151765,0.014438876000357547,0.08597860814980736,0.04468175899473608,0.031255027235158786,0.0,0.03942710695509801,0.01117357560073764,0.029176441862349998,0.0,0.0361396426761616,0.0,0.0,0.036359809576196674,0.0,0.04586480661270946,0.038346823430170436,0.0,0.10333078871177902,0.03114359144046054,9
LFQ intensity D9_7,0.0,0.06050063812612199,0.010433458112458537,0.0,0.0,0.012671545960265313,0.0283319975413534,0.0,0.005938610394480199,0.0011461767831517705,0.0,0.09310468714566518,0.0,0.010890060066483149,0.0,0.021775097806574523,0.040090930625291996,0.019818985329281516,0.0,0.044806815688680654,0.0,0.0,0.0,0.036424591337808676,0.0,0.0,0.0,0.05679404393706545,0.036982639062749116,0.0,0.007222797294036945,0.0,0.026722758630448522,0.014203167297684918,0.07435469564099659,0.04386223836863516,0.03282848051546833,0.004494780693070971,0.03706268079631179,0.010322734970923715,0.0,0.0,0.033330391054120105,0.0,0.0,0.027586817915443897,0.0,0.04417333459724717,0.03417244709786356,0.0,0.10000858561907433,0.02994381159124246,9
LFQ intensity D9_8,0.002573384898907363,0.07024161828142816,0.009790870566739787,0.0,0.0,0.012248805368929696,0.019871712876999424,0.0,0.01693291174847081,0.0,0.0,0.08600698921998011,0.006025385227288483,0.009011659496901744,0.0,0.01908425049533214,0.046588895873332724,0.0,0.0,0.02159109245533208,0.0,0.0018584975209414792,0.0,0.031577896248223526,0.0,0.0,0.0,0.05505487992705628,0.037250736571337095,0.001344031613907028,0.0024334067404519935,0.0,0.00471512365431376,0.012624312763064851,0.07347747319783647,0.041647225805763036,0.028793852540729234,0.007220586192553604,0.03523551664375543,0.008263784453756612,0.04453102342615168,0.0,0.03563835953641875,0.0,0.0,0.050256681772208614,0.0,0.043342087093439924,0.04135346318611623,0.0,0.09502760178878678,0.02838588281354517,9
LFQ intensity D9_9,0.0,0.06748635076920934,0.010488457627129874,0.0,0.0,0.012745828861438276,0.005496505073950735,0.0,0.012791188927337585,0.0010443114096673543,0.0,0.09610413792294271,0.0,0.0,0.0,0.0021939963655533004,0.04910557053677425,0.021639850842381507,0.0,0.03595064309430863,0.0,0.0014849920750431257,0.0,0.031621505941181384,0.0,0.0,0.0,0.05646271623654877,0.03380455701670127,0.004197311195960953,0.004013474098551828,0.0,0.028784308066887605,0.01276942550341127,0.07403354657547716,0.04930473075259733,0.026937509909522747,0.0,0.03803231984134117,0.010985815272414165,0.02822777960354344,0.0,0.0371804962597123,0.0,0.0,0.04247016252109111,0.010589613294903003,0.04412747742884844,0.034177095586761894,0.0,0.08736907763136766,0.028379243757440026,9
